TARGET_CLASS,configuration_id,criterion,ctg_min_time_per_job,ctg_schedule,search_budget,p_object_pool,ctg_time_per_class,Size,Length,Total_Time,Random_Seed,LineCoverage,LineCoverageBitString,BranchCoverage,BranchCoverageBitString,ExceptionCoverage,ExceptionCoverageBitString,Explicit_MethodExceptions,Explicit_TypeExceptions,Implicit_MethodExceptions,Implicit_TypeExceptions,WeakMutationScore,WeakMutationCoverageBitString,OutputCoverage,OutputCoverageBitString,MethodCoverage,MethodCoverageBitString,MethodNoExceptionCoverage,MethodNoExceptionCoverageBitString,CBranchCoverage,CBranchCoverageBitString
org.apache.spark.rpc.RpcEnvConfig,default,LINE;BRANCH;EXCEPTION;WEAKMUTATION;OUTPUT;METHOD;METHODNOEXCEPTION;CBRANCH,1,BUDGET,185,0.3,2,80,276,257441,1650577395667,1.0,11111111111111111111111111111111111111111111111,0.9693877551020408,11111111111111111111111111100111111111111111111111111111111111111111111111111111111111111111011111,1.0,1,1,1,0,0,0.9910714285714286,1111111111111111111111111111111111111111111111111111111111111111111110111111111111111111111111111111111111111111,0.7310924369747899,11111111111111111110100111111111111111111111110000000011111111111111111111110100101111111111101011100100000000010101010,1.0,111111111111111111111111111111,1.0,111111111111111111111111111111,0.9387755102040817,10111111111110111110111111111111111111111101011111111111111111111111111111111111111111111111110111
