TARGET_CLASS,configuration_id,criterion,ctg_min_time_per_job,ctg_schedule,search_budget,p_object_pool,ctg_time_per_class,Size,Length,Total_Time,Random_Seed,LineCoverage,LineCoverageBitString,BranchCoverage,BranchCoverageBitString,ExceptionCoverage,ExceptionCoverageBitString,Explicit_MethodExceptions,Explicit_TypeExceptions,Implicit_MethodExceptions,Implicit_TypeExceptions,WeakMutationScore,WeakMutationCoverageBitString,OutputCoverage,OutputCoverageBitString,MethodCoverage,MethodCoverageBitString,MethodNoExceptionCoverage,MethodNoExceptionCoverageBitString,CBranchCoverage,CBranchCoverageBitString
org.apache.manifoldcf.core.lockmanager.ZooKeeperLockManager,default,LINE;BRANCH;EXCEPTION;WEAKMUTATION;OUTPUT;METHOD;METHODNOEXCEPTION;CBRANCH,1,BUDGET,97,0.3,2,14,20,120607,1650574148153,0.09634551495016612,1111100000000000000011100000000000000000000000000000000000000000000000000000000000000000000000000000000000000000000000000111111000000111001000000000000000000000000000000000000000000000000000000000000000000000000000000000000000000000000000000000000000000110000011100000110000000000000000000000000001111,0.11827956989247312,110100010000000001101000000000000000000000000000000000000000000000000000000000000000000111010,1.0,1111111,1,1,6,2,0.043076923076923075,1100000000000000000000000000000000000000000000000000000000000000000000000000000000000000010000000000000000000000000000000000000000000000000000000000000000000000000000000000000000000000000000000000000000000000000000000000000000000000000000000000000011110000000000000000000000000000000000000000000000000000000000111111000010000,0.08888888888888889,010010010000000000000000000010000000000000000,0.28125,11110000000000001100000000100011,0.21875,01110000000000000100000000100011,0.11827956989247312,001001101000010100001000000000000000000000000000000000000000000000000000000000000000000110101
