TARGET_CLASS,configuration_id,criterion,ctg_min_time_per_job,ctg_schedule,search_budget,p_object_pool,ctg_time_per_class,Size,Length,Total_Time,Random_Seed,LineCoverage,LineCoverageBitString,BranchCoverage,BranchCoverageBitString,ExceptionCoverage,ExceptionCoverageBitString,Explicit_MethodExceptions,Explicit_TypeExceptions,Implicit_MethodExceptions,Implicit_TypeExceptions,WeakMutationScore,WeakMutationCoverageBitString,OutputCoverage,OutputCoverageBitString,MethodCoverage,MethodCoverageBitString,MethodNoExceptionCoverage,MethodNoExceptionCoverageBitString,CBranchCoverage,CBranchCoverageBitString
org.apache.manifoldcf.core.lockmanager.FileLockObject,default,LINE;BRANCH;EXCEPTION;WEAKMUTATION;OUTPUT;METHOD;METHODNOEXCEPTION;CBRANCH,1,BUDGET,80,0.3,2,26,128,112822,1650574263377,0.6082474226804123,11111111111111111111111111111111111111111111111110000000001111111111111111111111111111111111111111100100000000000100011111000000000000000000000000001000000111111111110000000000000000001111110111,0.8545454545454545,1111111111111111111111111111111111111110110000000111111,1.0,11111111111,4,2,1,1,0.8177777777777778,111110111111111101111111110111111111111011111101111111101111111111110111111111111111111111111111111111111110111111111111111111111111110111111111111111111111111111111111100000000100000000000000000000001111111101110111111111111,1.0,,1.0,1111111,1.0,1111111,0.8545454545454545,1111111111111111111111111111111111111111001000000111111
