TARGET_CLASS,configuration_id,criterion,ctg_min_time_per_job,ctg_schedule,search_budget,p_object_pool,ctg_time_per_class,Size,Length,Total_Time,Random_Seed,LineCoverage,LineCoverageBitString,BranchCoverage,BranchCoverageBitString,ExceptionCoverage,ExceptionCoverageBitString,Explicit_MethodExceptions,Explicit_TypeExceptions,Implicit_MethodExceptions,Implicit_TypeExceptions,WeakMutationScore,WeakMutationCoverageBitString,OutputCoverage,OutputCoverageBitString,MethodCoverage,MethodCoverageBitString,MethodNoExceptionCoverage,MethodNoExceptionCoverageBitString,CBranchCoverage,CBranchCoverageBitString
org.apache.spark.deploy.master.ui.MasterPage,default,LINE;BRANCH;EXCEPTION;WEAKMUTATION;OUTPUT;METHOD;METHODNOEXCEPTION;CBRANCH,1,BUDGET,155,0.3,2,20,124,233550,1650577861952,0.31004366812227074,1111111000000011000000111111111111111111111111110000001111111111111111111111111111111110000000000000000000000000000000000000000000000000000000000000000000000000000000000000000000000000000000000000000100000000000010000000000000010,0.3252032520325203,000111111000000000000000000000000000000010010001011000000000000000000000000000000111111010111011011111101011101011101101000,1.0,11111111111,0,0,11,2,0.3502824858757062,010000000000000011111111111111111111111111000000000000000000000000000000000000000000000000000000000000001111111111111111111111111000000000000000001111111111000000000000000000000,0.14814814814814814,000000000101000000101000000,1.0,1111111111,0.7,1111101100,0.2926829268292683,010000001010000000100000000000000000001001000000011000000000000000000000000000000111110101110101111111010111111001010110000
