TARGET_CLASS,configuration_id,criterion,ctg_min_time_per_job,ctg_schedule,search_budget,p_object_pool,ctg_time_per_class,Size,Length,Total_Time,Random_Seed,LineCoverage,LineCoverageBitString,BranchCoverage,BranchCoverageBitString,ExceptionCoverage,ExceptionCoverageBitString,Explicit_MethodExceptions,Explicit_TypeExceptions,Implicit_MethodExceptions,Implicit_TypeExceptions,WeakMutationScore,WeakMutationCoverageBitString,OutputCoverage,OutputCoverageBitString,MethodCoverage,MethodCoverageBitString,MethodNoExceptionCoverage,MethodNoExceptionCoverageBitString,CBranchCoverage,CBranchCoverageBitString
org.apache.tika.metadata.Metadata,default,LINE;BRANCH;EXCEPTION;WEAKMUTATION;OUTPUT;METHOD;METHODNOEXCEPTION;CBRANCH,1,BUDGET,189,0.3,2,79,241,256028,1650589975634,0.967741935483871,11111111111111111111111110000111111111111111110111111111111111111111111111111111111111111111111111111111111111111111111111111111111111111111111111111111111,0.9711538461538461,11111111110011111111111111111111111111111111111111111111111111111111111111111111111111111111111110111111,1.0,111111111111111111111111,7,2,17,5,0.9240506329113924,01111111111111111111111111111111111111111111111111011111110111111111111111111111111111111111111111111011111110111111110111111100011111110111111111010111111111,0.7878787878787878,111111111111001101101111110011110,1.0,1111111111111111111111111,1.0,1111111111111111111111111,0.9711538461538461,11111111110011111111111111111111111111111111111111111111111111111111111111111111111111111111111110111111
