TARGET_CLASS,configuration_id,criterion,ctg_min_time_per_job,ctg_schedule,search_budget,p_object_pool,ctg_time_per_class,Size,Length,Total_Time,Random_Seed,LineCoverage,LineCoverageBitString,BranchCoverage,BranchCoverageBitString,ExceptionCoverage,ExceptionCoverageBitString,Explicit_MethodExceptions,Explicit_TypeExceptions,Implicit_MethodExceptions,Implicit_TypeExceptions,WeakMutationScore,WeakMutationCoverageBitString,OutputCoverage,OutputCoverageBitString,MethodCoverage,MethodCoverageBitString,MethodNoExceptionCoverage,MethodNoExceptionCoverageBitString,CBranchCoverage,CBranchCoverageBitString
org.apache.directory.shared.kerberos.KerberosUtils,default,LINE;BRANCH;EXCEPTION;WEAKMUTATION;OUTPUT;METHOD;METHODNOEXCEPTION;CBRANCH,1,BUDGET,908,0.3,2,49,182,985866,1650568855130,0.7571428571428571,11111111111111111111111111111111111111111111111110111111101111111111111111111101111111111111111111111111111110000000000000000000000000000000,0.7431192660550459,1111011111111111101101110111111111111111111111111111111111111111111111111111111110000000000000000000000001111,1.0,1111111111111111,3,2,10,3,0.9027777777777778,111111111111111101111111011110111110011110101111111111111110111111110111111111111111110111111111100111111111111111101111111111111111011111111111111111111111111111101111111110111111011111111111111111111111010011011111,0.36065573770491804,0101111110000000000000000001011011010010011111101100000000000,1.0,111111111111,0.9166666666666666,111111111110,0.7431192660550459,1111011111111111101011101111111111111111111111111111111111111111111111111111111110000000000000000000000001111
