TARGET_CLASS,configuration_id,criterion,ctg_min_time_per_job,ctg_schedule,search_budget,p_object_pool,ctg_time_per_class,Size,Length,Total_Time,Random_Seed,LineCoverage,LineCoverageBitString,BranchCoverage,BranchCoverageBitString,ExceptionCoverage,ExceptionCoverageBitString,Explicit_MethodExceptions,Explicit_TypeExceptions,Implicit_MethodExceptions,Implicit_TypeExceptions,WeakMutationScore,WeakMutationCoverageBitString,OutputCoverage,OutputCoverageBitString,MethodCoverage,MethodCoverageBitString,MethodNoExceptionCoverage,MethodNoExceptionCoverageBitString,CBranchCoverage,CBranchCoverageBitString
org.apache.wicket.util.io.FullyBufferedReader,default,LINE;BRANCH;EXCEPTION;WEAKMUTATION;OUTPUT;METHOD;METHODNOEXCEPTION;CBRANCH,1,BUDGET,92,0.3,2,56,132,122619,1650592546550,0.9636363636363636,1111111111100111111111111111111111111111111111111111111,0.9375,111111111111111111111110011111111111111101111111,1.0,111111111111111111111,0,0,18,2,0.9391304347826087,111111111111111111111111111111111111111111111111111111111111111101000000000011111111010111111111111111111111111111111111111111111111111111111111011111111111111111111101111111111111011111111111111111111011111111111111111111111111111111111111111111111111111111111111111111111111011111111111111111111111111010111111111111111111111111110111111111111,0.7272727272727273,11111111111111111001001001011101100110011111,1.0,1111111111111111111,1.0,1111111111111111111,0.8958333333333334,111111111111111111111101011111111111101110111101
