TARGET_CLASS,configuration_id,criterion,ctg_min_time_per_job,ctg_schedule,search_budget,p_object_pool,ctg_time_per_class,Size,Length,Total_Time,Random_Seed,LineCoverage,LineCoverageBitString,BranchCoverage,BranchCoverageBitString,ExceptionCoverage,ExceptionCoverageBitString,Explicit_MethodExceptions,Explicit_TypeExceptions,Implicit_MethodExceptions,Implicit_TypeExceptions,WeakMutationScore,WeakMutationCoverageBitString,OutputCoverage,OutputCoverageBitString,MethodCoverage,MethodCoverageBitString,MethodNoExceptionCoverage,MethodNoExceptionCoverageBitString,CBranchCoverage,CBranchCoverageBitString
org.apache.tika.mime.ProbabilisticMimeDetectionSelector,default,LINE;BRANCH;EXCEPTION;WEAKMUTATION;OUTPUT;METHOD;METHODNOEXCEPTION;CBRANCH,1,BUDGET,278,0.3,2,26,109,323930,1650589975407,0.6111111111111112,001111111111111111111111100111111111111111111111111100000100000111110011110000011100000111111000000000000000000111100000000000000000011111111111111110000001111110000001001111111111100000000000011100011111111111111111111111111111111111,0.48502994011976047,11111111111111111111111111111111111111111100000001001011000100001111111011110000000100000001001111000001000001000000000000000100000000000000011111101100000111000001011,1.0,111111,3,2,2,1,0.764367816091954,111111111111111111111111111111111111111111111111111111111111111111111111111111111111111111100000000000000000000000000010010111111010000111111010000111111111111011111111111111,0.4,10010,1.0,111111111111111111,0.8333333333333334,011011101111111111,0.47305389221556887,11110111111111101111111111111111111111111100000000110100001001010111111011110000000100000001001110001000100001000000000000000000100000000000011111110100000110100001011
