TARGET_CLASS,configuration_id,criterion,ctg_min_time_per_job,ctg_schedule,search_budget,p_object_pool,ctg_time_per_class,Size,Length,Total_Time,Random_Seed,LineCoverage,LineCoverageBitString,BranchCoverage,BranchCoverageBitString,ExceptionCoverage,ExceptionCoverageBitString,Explicit_MethodExceptions,Explicit_TypeExceptions,Implicit_MethodExceptions,Implicit_TypeExceptions,WeakMutationScore,WeakMutationCoverageBitString,OutputCoverage,OutputCoverageBitString,MethodCoverage,MethodCoverageBitString,MethodNoExceptionCoverage,MethodNoExceptionCoverageBitString,CBranchCoverage,CBranchCoverageBitString
org.apache.manifoldcf.core.interfaces.TempFileCharacterInput,default,LINE;BRANCH;EXCEPTION;WEAKMUTATION;OUTPUT;METHOD;METHODNOEXCEPTION;CBRANCH,1,BUDGET,74,0.3,2,27,72,95866,1650574281414,0.6666666666666666,111111011111111111111111111111111011111111000110000000000000000000000000000000000001100000000001111111101111111111111111111111111111111111111111110011111111111111,0.6842105263157895,111111111111111010111000000000000000011111111111111111111,1.0,11111111111111,0,0,9,2,0.9727272727272728,1111101111111111111111111011111111101111111111111111111111111111111111111111111111111111111111111111111111101111111111111111111111111111111111111111111111111111111111111111111111111111110111111111111101111111111111111111,0.7142857142857143,1101110,1.0,111111111111,0.9166666666666666,101111111111,0.6842105263157895,111111111111111011011000000000000000011111111111111111111
