TARGET_CLASS,configuration_id,criterion,ctg_min_time_per_job,ctg_schedule,search_budget,p_object_pool,ctg_time_per_class,Size,Length,Total_Time,Random_Seed,LineCoverage,LineCoverageBitString,BranchCoverage,BranchCoverageBitString,ExceptionCoverage,ExceptionCoverageBitString,Explicit_MethodExceptions,Explicit_TypeExceptions,Implicit_MethodExceptions,Implicit_TypeExceptions,WeakMutationScore,WeakMutationCoverageBitString,OutputCoverage,OutputCoverageBitString,MethodCoverage,MethodCoverageBitString,MethodNoExceptionCoverage,MethodNoExceptionCoverageBitString,CBranchCoverage,CBranchCoverageBitString
org.apache.spark.rdd.DefaultPartitionCoalescer,default,LINE;BRANCH;EXCEPTION;WEAKMUTATION;OUTPUT;METHOD;METHODNOEXCEPTION;CBRANCH,1,BUDGET,140,0.3,2,37,187,220562,1650578171477,0.6417910447761194,11111111100111111111111111101111000000000001011100000000000000000000000011111111111111111101111111111000011111111111111111111100011101,0.4726027397260274,01111111011111111111111001101011000100010100010100101010101000001011011000000000000000101010000100000011110101101010011010000000011011011010111011,1.0,1111111111111111,2,1,12,4,0.44089456869009586,1111110000000011000110000111111111111111100011100000000000101111110000000000000000000000000000000000000000000000000000000000000000000000000000000000000000000000000111110010100000000000000000000000011111111101111111111100011110101111010011111111111111111111001111111110111111111111101000000011110111111111111111111,0.45454545454545453,01010111110000001010110010010110010010110010,1.0,11111111111111111111111,0.8260869565217391,11111001111111101111011,0.3493150684931507,10111000011101101111100001100111100100001000111000010001001000000011100000000000000000000000100100000011110110000001010001000000100011101001010011
