TARGET_CLASS,configuration_id,criterion,ctg_min_time_per_job,ctg_schedule,search_budget,p_object_pool,ctg_time_per_class,Size,Length,Total_Time,Random_Seed,LineCoverage,LineCoverageBitString,BranchCoverage,BranchCoverageBitString,ExceptionCoverage,ExceptionCoverageBitString,Explicit_MethodExceptions,Explicit_TypeExceptions,Implicit_MethodExceptions,Implicit_TypeExceptions,WeakMutationScore,WeakMutationCoverageBitString,OutputCoverage,OutputCoverageBitString,MethodCoverage,MethodCoverageBitString,MethodNoExceptionCoverage,MethodNoExceptionCoverageBitString,CBranchCoverage,CBranchCoverageBitString
org.apache.spark.util.StatCounter,default,LINE;BRANCH;EXCEPTION;WEAKMUTATION;OUTPUT;METHOD;METHODNOEXCEPTION;CBRANCH,1,BUDGET,75,0.3,2,54,724,105345,1650582194217,0.9733333333333334,111111111111111111111111111111111111111111111111111111111111111111111101101,0.9215686274509803,111111111111111111111111111010110110111111111111111,1.0,11111,0,0,5,1,0.9754901960784313,111111111111111111111111111111111111111111111111111111111111111111011110111101111111111011111111111111111111111111111111111111111111111111111111111111110111111111111111111111111111111111111111111111111111,0.6559139784946236,001100001010010010001010000110000101001001000101000111111111110110111110110011111111010111111111011011111011001111111111101101111101100111111111110110111110110111011011011011011111010011,1.0,11111111111111111111,1.0,11111111111111111111,0.8627450980392157,111111111110101111110110111111100101111111111111111
