TARGET_CLASS,configuration_id,criterion,ctg_min_time_per_job,ctg_schedule,search_budget,p_object_pool,ctg_time_per_class,Size,Length,Total_Time,Random_Seed,LineCoverage,LineCoverageBitString,BranchCoverage,BranchCoverageBitString,ExceptionCoverage,ExceptionCoverageBitString,Explicit_MethodExceptions,Explicit_TypeExceptions,Implicit_MethodExceptions,Implicit_TypeExceptions,WeakMutationScore,WeakMutationCoverageBitString,OutputCoverage,OutputCoverageBitString,MethodCoverage,MethodCoverageBitString,MethodNoExceptionCoverage,MethodNoExceptionCoverageBitString,CBranchCoverage,CBranchCoverageBitString
org.apache.tika.detect.TextStatistics,default,LINE;BRANCH;EXCEPTION;WEAKMUTATION;OUTPUT;METHOD;METHODNOEXCEPTION;CBRANCH,1,BUDGET,80,0.3,2,24,91,105378,1650590795641,1.0,11111111111111111111111111111111111,0.8857142857142857,11111111111111111111111011101011011,1.0,11,0,0,2,2,0.9630996309963099,11111111111111111111111111111111111111111111111111111111111111111111111111110111111111111111111111111111111111111011111110111111111111111111111111111110111111111111111111111111111111111111111111111111111111111111111111111110111111111111111111111111111111111111111111111111111111111111111111111111110111111111111111111011111111111111111111111111111111111100111111110111110101111111111111111111111111111111111111111010111111111111111111111111111111101111101111111111111111111111111111111111111111111111111111111111001111111111111111111111111001,0.7368421052631579,0110110110110111111,1.0,111111111,1.0,111111111,0.7428571428571429,11111111111111111111111111000000000
