TARGET_CLASS,configuration_id,criterion,ctg_min_time_per_job,ctg_schedule,search_budget,p_object_pool,ctg_time_per_class,Size,Length,Total_Time,Random_Seed,LineCoverage,LineCoverageBitString,BranchCoverage,BranchCoverageBitString,ExceptionCoverage,ExceptionCoverageBitString,Explicit_MethodExceptions,Explicit_TypeExceptions,Implicit_MethodExceptions,Implicit_TypeExceptions,WeakMutationScore,WeakMutationCoverageBitString,OutputCoverage,OutputCoverageBitString,MethodCoverage,MethodCoverageBitString,MethodNoExceptionCoverage,MethodNoExceptionCoverageBitString,CBranchCoverage,CBranchCoverageBitString
org.apache.spark.deploy.rest.RestSubmissionClient,default,LINE;BRANCH;EXCEPTION;WEAKMUTATION;OUTPUT;METHOD;METHODNOEXCEPTION;CBRANCH,1,BUDGET,100,0.3,2,17,35,162625,1650579722362,0.23651452282157676,1110110000000000000011111111000001111111111111100001100001111100000000000000000000010000000011111110000000000000011111010010100000000000000000000001000000000000000000000100000000000000000010000000000000000000000000000000000001111000000000000,0.16346153846153846,0010000101000101110100100111100110110010111100000000000000000000000000000000000011000100010010000000000000000000000000101010000000000000000000000000000000000010100000000000000000000000000010010000000000000000,1.0,1111,2,1,2,1,0.18199233716475097,111011101111111110110100110000000000000000000000000000000000000000000000000000011000000000000000000001111111010000000000000000000000000000000000000000000000000000000000000000000000000000000000000000000000000000000000000000000000000000000000011111111111111111111111111000000000000000000000000001110101111111111111111111111111111100000000000000000000000000000000000000000000000000000000000000000000000000000000000000000000000000000000000000000000000000000000000000000011100000000001001100000000000000000000000000000000000000,0.17543859649122806,010000010000000100100010010000000000000000001000011001000,0.4594594594594595,1100110001001011101000100100001110011,0.3783783783783784,1100110001001011101000100100000010010,0.11538461538461539,0010000000000000001010000000100000011100000010110001011000000000000100000000010000001001000110000000000000000000000000000100000000000000000000000000000000000001100000000000000000000000000010100000000000000000
