TARGET_CLASS,configuration_id,criterion,ctg_min_time_per_job,ctg_schedule,search_budget,p_object_pool,ctg_time_per_class,Size,Length,Total_Time,Random_Seed,LineCoverage,LineCoverageBitString,BranchCoverage,BranchCoverageBitString,ExceptionCoverage,ExceptionCoverageBitString,Explicit_MethodExceptions,Explicit_TypeExceptions,Implicit_MethodExceptions,Implicit_TypeExceptions,WeakMutationScore,WeakMutationCoverageBitString,OutputCoverage,OutputCoverageBitString,MethodCoverage,MethodCoverageBitString,MethodNoExceptionCoverage,MethodNoExceptionCoverageBitString,CBranchCoverage,CBranchCoverageBitString
org.apache.tika.embedder.ExternalEmbedder,default,LINE;BRANCH;EXCEPTION;WEAKMUTATION;OUTPUT;METHOD;METHODNOEXCEPTION;CBRANCH,1,BUDGET,168,0.3,2,46,246,212237,1650590217065,0.6526946107784432,11111111111111100000110011111111111111111011000111111111111111111111111111000000000000000000000000000001111111111111111111110111111100000000000011111111111111111100000,0.7289719626168224,01111110111111011101100111011111111111111111011111111111111111111111111111111110111000000000000000011110000,1.0,1111111111,1,1,8,3,0.8181818181818182,1111111111111111111111111111111111111111111110111110111101111111111011111111110111111111111111111111111110111011111100111111011111111110000000000000000010,0.6,101011111111111111011011011100000000000011110,1.0,111111111111111111111,0.9523809523809523,111011111111111111111,0.7289719626168224,11111111001101010011111011111111111111111111011111111111111111111111111111111111011000000000000000011110000
