TARGET_CLASS,configuration_id,criterion,ctg_min_time_per_job,ctg_schedule,search_budget,p_object_pool,ctg_time_per_class,Size,Length,Total_Time,Random_Seed,LineCoverage,LineCoverageBitString,BranchCoverage,BranchCoverageBitString,ExceptionCoverage,ExceptionCoverageBitString,Explicit_MethodExceptions,Explicit_TypeExceptions,Implicit_MethodExceptions,Implicit_TypeExceptions,WeakMutationScore,WeakMutationCoverageBitString,OutputCoverage,OutputCoverageBitString,MethodCoverage,MethodCoverageBitString,MethodNoExceptionCoverage,MethodNoExceptionCoverageBitString,CBranchCoverage,CBranchCoverageBitString
org.apache.directory.shared.kerberos.components.AuthorizationData,default,LINE;BRANCH;EXCEPTION;WEAKMUTATION;OUTPUT;METHOD;METHODNOEXCEPTION;CBRANCH,1,BUDGET,187,0.3,2,33,116,227969,1650569989584,0.8902439024390244,1111111111111111111111111111111111000001111110011111001111111111111111111111111111,0.868421052631579,11111111111111111010111110001111111111,1.0,11111111111,0,0,10,3,0.9239766081871345,111111111111111111111111111111111111111111111111111111111111111111111111111111111111111111111110000000011111111111111111101011111111111111111111111111111100011111111111111,0.32,01000000000000000000000000011110110111100111010010,1.0,111111111111111,1.0,111111111111111,0.868421052631579,11111111111111111001111110001111111111
