TARGET_CLASS,configuration_id,criterion,ctg_min_time_per_job,ctg_schedule,search_budget,p_object_pool,ctg_time_per_class,Size,Length,Total_Time,Random_Seed,LineCoverage,LineCoverageBitString,BranchCoverage,BranchCoverageBitString,ExceptionCoverage,ExceptionCoverageBitString,Explicit_MethodExceptions,Explicit_TypeExceptions,Implicit_MethodExceptions,Implicit_TypeExceptions,WeakMutationScore,WeakMutationCoverageBitString,OutputCoverage,OutputCoverageBitString,MethodCoverage,MethodCoverageBitString,MethodNoExceptionCoverage,MethodNoExceptionCoverageBitString,CBranchCoverage,CBranchCoverageBitString
org.apache.spark.scheduler.LiveListenerBus,default,LINE;BRANCH;EXCEPTION;WEAKMUTATION;OUTPUT;METHOD;METHODNOEXCEPTION;CBRANCH,1,BUDGET,81,0.3,2,31,126,120646,1650581213658,0.8282828282828283,111111111111111110110000111111111111111111111111101111111111111111111111111111011111111100000000100,0.6049382716049383,111110111101111100111111100100111110101101100000010010000100000111111101110001111,0.9285714285714286,01111111111111,12,2,1,1,0.4927536231884058,111100111100000110000000011111111111111111000000000000000111111100000,0.43243243243243246,0100100000001001001011011001011011110,1.0,111111111111111111111,0.7619047619047619,110000011111111111111,0.43209876543209874,100100001011011111100110011010000100000011100000010100000000000111111101100001111
