TARGET_CLASS,configuration_id,criterion,ctg_min_time_per_job,ctg_schedule,search_budget,p_object_pool,ctg_time_per_class,Size,Length,Total_Time,Random_Seed,LineCoverage,LineCoverageBitString,BranchCoverage,BranchCoverageBitString,ExceptionCoverage,ExceptionCoverageBitString,Explicit_MethodExceptions,Explicit_TypeExceptions,Implicit_MethodExceptions,Implicit_TypeExceptions,WeakMutationScore,WeakMutationCoverageBitString,OutputCoverage,OutputCoverageBitString,MethodCoverage,MethodCoverageBitString,MethodNoExceptionCoverage,MethodNoExceptionCoverageBitString,CBranchCoverage,CBranchCoverageBitString
org.apache.spark.shuffle.IndexShuffleBlockResolver,default,LINE;BRANCH;EXCEPTION;WEAKMUTATION;OUTPUT;METHOD;METHODNOEXCEPTION;CBRANCH,1,BUDGET,140,0.3,2,2,3,246759,1650578212418,0.19327731092436976,11100000000000000000000000000000000000000000000011111111111111111100000000001000000000000000000000000010000000000000000,0.043010752688172046,000000010000000000100010000000000000000100000000000000000000000000000000000000000000000000000,1.0,1,0,0,1,1,0.0036900369003690036,0000000000000010000000000000000000000000000000000000000000000000000000000000000000000000000000000000000000000000000000000000000000000000000000000000000000000000000000000000000000000000000000000000000000000000000000000000000000000000000000000000000000000000000000000000000,0.014285714285714285,0000000000000000000100000000000000000000000000000000000000000000000000,0.07692307692307693,11000000000000000000000000,0.038461538461538464,10000000000000000000000000,0.021505376344086023,000000010000000000000000010000000000000000000000000000000000000000000000000000000000000000000
