TARGET_CLASS,configuration_id,criterion,ctg_min_time_per_job,ctg_schedule,search_budget,p_object_pool,ctg_time_per_class,Size,Length,Total_Time,Random_Seed,LineCoverage,LineCoverageBitString,BranchCoverage,BranchCoverageBitString,ExceptionCoverage,ExceptionCoverageBitString,Explicit_MethodExceptions,Explicit_TypeExceptions,Implicit_MethodExceptions,Implicit_TypeExceptions,WeakMutationScore,WeakMutationCoverageBitString,OutputCoverage,OutputCoverageBitString,MethodCoverage,MethodCoverageBitString,MethodNoExceptionCoverage,MethodNoExceptionCoverageBitString,CBranchCoverage,CBranchCoverageBitString
org.apache.directory.shared.kerberos.messages.KrbError,default,LINE;BRANCH;EXCEPTION;WEAKMUTATION;OUTPUT;METHOD;METHODNOEXCEPTION;CBRANCH,1,BUDGET,265,0.3,2,50,186,345169,1650569360383,0.8402366863905325,1111111111111111111111111111111111111111111111111111111111111111111111111110000010001111000000000000001111000001111111111111111111111111111111111111111111111111111111111,0.875,1111111111111111111111111111111111111111111010000000111111111111,1.0,11111,0,0,4,2,0.9957805907172996,111111111111111111111111111111111111111111111111111111111111111111111111111111111111111111111111111111111111111111111111111111111111111111111111111111111111111111111110111111111111111111111111111111111111111111111111111111111111111111111,0.5735294117647058,01000000000000000000000000011111111111111111111011111111111111111010,1.0,11111111111111111111111111,0.9615384615384616,11011111111111111111111111,0.875,1111111111111111111111111111111111111111111010000000111111111111
