TARGET_CLASS,configuration_id,criterion,ctg_min_time_per_job,ctg_schedule,search_budget,p_object_pool,ctg_time_per_class,Size,Length,Total_Time,Random_Seed,LineCoverage,LineCoverageBitString,BranchCoverage,BranchCoverageBitString,ExceptionCoverage,ExceptionCoverageBitString,Explicit_MethodExceptions,Explicit_TypeExceptions,Implicit_MethodExceptions,Implicit_TypeExceptions,WeakMutationScore,WeakMutationCoverageBitString,OutputCoverage,OutputCoverageBitString,MethodCoverage,MethodCoverageBitString,MethodNoExceptionCoverage,MethodNoExceptionCoverageBitString,CBranchCoverage,CBranchCoverageBitString
org.apache.spark.storage.BlockManagerId,default,LINE;BRANCH;EXCEPTION;WEAKMUTATION;OUTPUT;METHOD;METHODNOEXCEPTION;CBRANCH,1,BUDGET,121,0.3,2,53,125,193272,1650578679334,0.9516129032258065,11111111111111111111111111111111110111101111111101111111111111,0.8641975308641975,111111111111111111110111011011111111111110101110110101010111111111111111011111111,1.0,1111111111,6,2,4,1,0.9924812030075187,1111111111111111111111011111111111111111111111111111111111111111111111111111111111111111111111111111111111111111111111111111111111111,0.7413793103448276,1011111100100100100111111111110111010101111111111111101011,1.0,11111111111111111111111111,1.0,11111111111111111111111111,0.7530864197530864,111001111101011101010111111111011111111110011011110000100111111101111110111101111
