TARGET_CLASS,configuration_id,criterion,ctg_min_time_per_job,ctg_schedule,search_budget,p_object_pool,ctg_time_per_class,Size,Length,Total_Time,Random_Seed,LineCoverage,LineCoverageBitString,BranchCoverage,BranchCoverageBitString,ExceptionCoverage,ExceptionCoverageBitString,Explicit_MethodExceptions,Explicit_TypeExceptions,Implicit_MethodExceptions,Implicit_TypeExceptions,WeakMutationScore,WeakMutationCoverageBitString,OutputCoverage,OutputCoverageBitString,MethodCoverage,MethodCoverageBitString,MethodNoExceptionCoverage,MethodNoExceptionCoverageBitString,CBranchCoverage,CBranchCoverageBitString
org.apache.directory.server.kerberos.shared.crypto.encryption.EncryptionEngine,default,LINE;BRANCH;EXCEPTION;WEAKMUTATION;OUTPUT;METHOD;METHODNOEXCEPTION;CBRANCH,1,BUDGET,108,0.3,2,41,120,146655,1650570527594,1.0,11111111111111111111111111111111111111111111111111111111111111111111,1.0,11111111111111111111111,1.0,1111111111111111111111,0,0,22,6,0.9794628751974723,111111111111111111111111111111111111111111111110111111111111111110111111111111111111111111111111111111111111111111111111111111111111111111111111111111111111011111111111111111111111111111111110111111111111111111111111111111111111111111111111111111111111111111111111111111111111111111011111111111111111111111111111111111111111011111111111111111111111111011111101111110111111111111111111111111111111111111111111111111111111111111111111111111111111111111111111111111111111111111111111101111111111111111111111111111111111111111111111111111111111111111111111111111111111101111111111111110111111111111111111110111111111111111111111111111111,0.5666666666666667,110110011110010010010110110110,1.0,11111111111,1.0,11111111111,1.0,11111111111111111111111
