TARGET_CLASS,configuration_id,criterion,ctg_min_time_per_job,ctg_schedule,search_budget,p_object_pool,ctg_time_per_class,Size,Length,Total_Time,Random_Seed,LineCoverage,LineCoverageBitString,BranchCoverage,BranchCoverageBitString,ExceptionCoverage,ExceptionCoverageBitString,Explicit_MethodExceptions,Explicit_TypeExceptions,Implicit_MethodExceptions,Implicit_TypeExceptions,WeakMutationScore,WeakMutationCoverageBitString,OutputCoverage,OutputCoverageBitString,MethodCoverage,MethodCoverageBitString,MethodNoExceptionCoverage,MethodNoExceptionCoverageBitString,CBranchCoverage,CBranchCoverageBitString
org.apache.tika.mime.MimeTypes,default,LINE;BRANCH;EXCEPTION;WEAKMUTATION;OUTPUT;METHOD;METHODNOEXCEPTION;CBRANCH,1,BUDGET,204,0.3,2,37,108,282151,1650589975473,0.6162162162162163,11111111111111111101111111110000000011111111100000000000001110101111111111111111111111100000000011110110111111110000001000000000000000000000000001111001111111101111111111111111110111111,0.46017699115044247,11111111110101111100000000110000000000000000000000011111011110111111010111111111000000011111010000000000000110100,1.0,11111111111111111111,10,4,6,1,0.5169491525423728,11111111111101111100000000000001001010000000000001111111111110111111111111011100101110111111111111111111111111111111111111010101111111111111111111111111111100000000000000000000000000000000000000000000000000000000000000000000000001111000,0.24324324324324326,1001000000000010000100000000010101110,1.0,111111111111111111,0.8333333333333334,111111100101111111,0.45132743362831856,11111111101011111100000000011000000000000000000000011111011110111110101101111111000000011101101000000000000111000
