TARGET_CLASS,configuration_id,criterion,ctg_min_time_per_job,ctg_schedule,search_budget,p_object_pool,ctg_time_per_class,Size,Length,Total_Time,Random_Seed,LineCoverage,LineCoverageBitString,BranchCoverage,BranchCoverageBitString,ExceptionCoverage,ExceptionCoverageBitString,Explicit_MethodExceptions,Explicit_TypeExceptions,Implicit_MethodExceptions,Implicit_TypeExceptions,WeakMutationScore,WeakMutationCoverageBitString,OutputCoverage,OutputCoverageBitString,MethodCoverage,MethodCoverageBitString,MethodNoExceptionCoverage,MethodNoExceptionCoverageBitString,CBranchCoverage,CBranchCoverageBitString
org.apache.spark.storage.BlockInfoManager,default,LINE;BRANCH;EXCEPTION;WEAKMUTATION;OUTPUT;METHOD;METHODNOEXCEPTION;CBRANCH,1,BUDGET,140,0.3,2,32,89,250510,1650578086618,0.5027932960893855,11111111100001111111110000011111110011111111100000000001111100000000000000000011111111111111111111111111110000000111010100000000000000111111011001001100000010100111100000000001000,0.3522012578616352,111011111111111111110111111111000000000000001111010000100000000000001000011111100101010010000000000100100000000000010000110000010000000000000100000100010100001,1.0,1111,3,3,1,1,0.12162162162162163,111111111000011101100000000000011100000000000000000001000000000000000000000000000000000000010000000000000000000100000000000000000000000000000000001000000000000000000000001111111111100000000000000000000000000000000000000000000000000000000000000000000000000000000000000000000000000000000000000000000000000000000000000000000000000000000000000001111100000000000000000000000000000011111100111001110011000000000000000000010000000000000000000000000011,0.27941176470588236,00000000000000000010010010011000101010011001100010010111000011000000,0.8947368421052632,11111110111111110111111111111111111001,0.7894736842105263,10101110111111110111111111111111110000,0.24528301886792453,111001011000100011010000000100000000010100000100100111111111110000110100000010100010100010000000000001000000000000001001000000000000000000000000000000000010001
