TARGET_CLASS,configuration_id,criterion,ctg_min_time_per_job,ctg_schedule,search_budget,p_object_pool,ctg_time_per_class,Size,Length,Total_Time,Random_Seed,LineCoverage,LineCoverageBitString,BranchCoverage,BranchCoverageBitString,ExceptionCoverage,ExceptionCoverageBitString,Explicit_MethodExceptions,Explicit_TypeExceptions,Implicit_MethodExceptions,Implicit_TypeExceptions,WeakMutationScore,WeakMutationCoverageBitString,OutputCoverage,OutputCoverageBitString,MethodCoverage,MethodCoverageBitString,MethodNoExceptionCoverage,MethodNoExceptionCoverageBitString,CBranchCoverage,CBranchCoverageBitString
org.apache.tika.sax.XHTMLContentHandler,default,LINE;BRANCH;EXCEPTION;WEAKMUTATION;OUTPUT;METHOD;METHODNOEXCEPTION;CBRANCH,1,BUDGET,124,0.3,2,66,723,206739,1650590434057,0.9484536082474226,1111111111111111111111111111111111111111111111111110001111111111111111111111111111111111111111100,0.9375,1011111111111111111111100011111111111111111111111111111111111111,1.0,1111111111111111111,0,0,16,4,0.9403669724770642,11111111111111111111111111011110111101111111111111111111111111111111111111011111110111111111011111111110111111011111111111111111110111111111111111111011111011111111111111111111111111111111111111111101111111111101111111,1.0,,1.0,1111111111111,1.0,1111111111111,0.90625,1101111111111111111111001011111111111111111100111111111111111111
