TARGET_CLASS,configuration_id,criterion,ctg_min_time_per_job,ctg_schedule,search_budget,p_object_pool,ctg_time_per_class,Size,Length,Total_Time,Random_Seed,LineCoverage,LineCoverageBitString,BranchCoverage,BranchCoverageBitString,ExceptionCoverage,ExceptionCoverageBitString,Explicit_MethodExceptions,Explicit_TypeExceptions,Implicit_MethodExceptions,Implicit_TypeExceptions,WeakMutationScore,WeakMutationCoverageBitString,OutputCoverage,OutputCoverageBitString,MethodCoverage,MethodCoverageBitString,MethodNoExceptionCoverage,MethodNoExceptionCoverageBitString,CBranchCoverage,CBranchCoverageBitString
org.apache.tika.io.EndianUtils,default,LINE;BRANCH;EXCEPTION;WEAKMUTATION;OUTPUT;METHOD;METHODNOEXCEPTION;CBRANCH,1,BUDGET,66,0.3,2,148,1329,107554,1650590945382,0.9732142857142857,1111111111111111111011111111111111111111111111111111111111111110111111111111111110111111111111111111111111111111,0.9318181818181818,11111111111111111111111111111111111101111001,1.0,111111111111111111111111111111111111111111111111111111111111,0,0,40,2,0.7639836289222374,1110111111001001001111111111111100111111111111111111111111111111111111111111100111111111111111111111111111111110010011111100100110010011111111111111111111111111111111111111111111111001111111111111111111111111111111111111111111001111111111111111111011111100111110010011111100100111111001001111110010011111100100111111001001100100111111111111010100000000000000000000000000000000000000000000000000000000000000000000000000000000001111111111001111111111110010000000000011111111111111111111111111111111100111111111111111111111111111111111001111111111111111111111111111111111111111111111111111111111111110011111111111111111111111111111111111111111111111111111111111111100111111111111111111111111111111111111100111110011111000011111111111111,0.6,011011111001000111011111101011011001011001011011011011111011000001011001011011011011001011,1.0,11111111111111111111111111111111,0.9375,11111011111111111111101111111111,0.9318181818181818,11111111111111111111111111111111111110110101
