TARGET_CLASS,configuration_id,criterion,ctg_min_time_per_job,ctg_schedule,search_budget,p_object_pool,ctg_time_per_class,Size,Length,Total_Time,Random_Seed,LineCoverage,LineCoverageBitString,BranchCoverage,BranchCoverageBitString,ExceptionCoverage,ExceptionCoverageBitString,Explicit_MethodExceptions,Explicit_TypeExceptions,Implicit_MethodExceptions,Implicit_TypeExceptions,WeakMutationScore,WeakMutationCoverageBitString,OutputCoverage,OutputCoverageBitString,MethodCoverage,MethodCoverageBitString,MethodNoExceptionCoverage,MethodNoExceptionCoverageBitString,CBranchCoverage,CBranchCoverageBitString
org.apache.tika.metadata.Property,default,LINE;BRANCH;EXCEPTION;WEAKMUTATION;OUTPUT;METHOD;METHODNOEXCEPTION;CBRANCH,1,BUDGET,94,0.3,2,41,135,125766,1650590610156,0.9555555555555556,111111111111111111111111111111111111111111111111111111111110000111111111111111111111111111,0.9384615384615385,11111111111111111111111111111111111111110111101001111111111111111,1.0,1111111,3,2,4,1,0.8985507246376812,111111111111111111111111110000011111111111111111111111111011111111011,0.5185185185185185,111111111011011010001101000110100011010001101000110100011010001100101111111000001111111111000000010111111010011001001100100110010011001001010100110010011001001100100110010010101001100111111,1.0,11111111111111111111111111111111111,0.9714285714285714,11111111111111101111111111111111111,0.9384615384615385,11111111111111111111111111111111111011111111110001111111111111111
