TARGET_CLASS,configuration_id,criterion,ctg_min_time_per_job,ctg_schedule,search_budget,p_object_pool,ctg_time_per_class,Size,Length,Total_Time,Random_Seed,LineCoverage,LineCoverageBitString,BranchCoverage,BranchCoverageBitString,ExceptionCoverage,ExceptionCoverageBitString,Explicit_MethodExceptions,Explicit_TypeExceptions,Implicit_MethodExceptions,Implicit_TypeExceptions,WeakMutationScore,WeakMutationCoverageBitString,OutputCoverage,OutputCoverageBitString,MethodCoverage,MethodCoverageBitString,MethodNoExceptionCoverage,MethodNoExceptionCoverageBitString,CBranchCoverage,CBranchCoverageBitString
org.apache.tika.mime.MediaType,default,LINE;BRANCH;EXCEPTION;WEAKMUTATION;OUTPUT;METHOD;METHODNOEXCEPTION;CBRANCH,1,BUDGET,212,0.3,2,49,103,263143,1650589975590,0.8137931034482758,1111111111111111111111111111111111111111111111111111111111111111111111111111111111111111111011110100000000000000000000111111111111111111111000001,0.7804878048780488,111111111111111111111111111110111111111111111111111111111111100000000000000000011111111110110011001100110111111111111111111,1.0,1111111111,0,0,10,2,0.7404255319148936,11111111011111111111111110111111111111111111111111111111111101111110011111111111111111111111111111111111101111110111111111111111111111111111111111111111111111111111111111111111111111111111111111111111111111011100000000000000000000000000000000000000000000000000000000000000000000000000000000000000000000000000000000011111111111111111101111111111111111111111111101011111111111001111111111111111111111011111110111111111111111101111111111111111111111110111111111111111111111,0.4727272727272727,1011011111110100000011011011101101000000000000101010101,1.0,1111111111111111111111,1.0,1111111111111111111111,0.7154471544715447,111111111111111111111111111111011111111111111111111111111111100000000000000000011111111110000000000000000111111111111111111
