TARGET_CLASS,configuration_id,criterion,ctg_min_time_per_job,ctg_schedule,search_budget,p_object_pool,ctg_time_per_class,Size,Length,Total_Time,Random_Seed,LineCoverage,LineCoverageBitString,BranchCoverage,BranchCoverageBitString,ExceptionCoverage,ExceptionCoverageBitString,Explicit_MethodExceptions,Explicit_TypeExceptions,Implicit_MethodExceptions,Implicit_TypeExceptions,WeakMutationScore,WeakMutationCoverageBitString,OutputCoverage,OutputCoverageBitString,MethodCoverage,MethodCoverageBitString,MethodNoExceptionCoverage,MethodNoExceptionCoverageBitString,CBranchCoverage,CBranchCoverageBitString
org.apache.wicket.util.diff.Diff,default,LINE;BRANCH;EXCEPTION;WEAKMUTATION;OUTPUT;METHOD;METHODNOEXCEPTION;CBRANCH,1,BUDGET,93,0.3,2,45,113,123478,1650592515492,0.9814814814814815,111111111111111111111111111111111111111101111111111111,0.926829268292683,11111111111111111111111111111111110001111,1.0,1111111111111111111111,4,1,18,4,0.8532110091743119,11111111111111111111011101111111111111101111111111111111111011111111111111111111111111101111111111111111111111111111000000000000000000000000011111111111111111011111111111111111111111111111111111111111111111110111111111,0.625,1101110011001100110110110110110110110110,1.0,111111111111111,1.0,111111111111111,0.926829268292683,11111111111111111111111111111111100011111
