TARGET_CLASS,configuration_id,criterion,ctg_min_time_per_job,ctg_schedule,search_budget,p_object_pool,ctg_time_per_class,Size,Length,Total_Time,Random_Seed,LineCoverage,LineCoverageBitString,BranchCoverage,BranchCoverageBitString,ExceptionCoverage,ExceptionCoverageBitString,Explicit_MethodExceptions,Explicit_TypeExceptions,Implicit_MethodExceptions,Implicit_TypeExceptions,WeakMutationScore,WeakMutationCoverageBitString,OutputCoverage,OutputCoverageBitString,MethodCoverage,MethodCoverageBitString,MethodNoExceptionCoverage,MethodNoExceptionCoverageBitString,CBranchCoverage,CBranchCoverageBitString
org.apache.tika.parser.external.ExternalParser,default,LINE;BRANCH;EXCEPTION;WEAKMUTATION;OUTPUT;METHOD;METHODNOEXCEPTION;CBRANCH,1,BUDGET,116,0.3,2,21,91,148767,1650590455803,0.3782051282051282,111111111000000001100000000000000000000000000111110000000001111101111111111101100111111011010000000000110000001110111111111110000000000000000000000000000000,0.39285714285714285,110110111111111001000011111111111111110100000000000000000000000000000000110000000000,1.0,1111,1,1,3,1,0.460431654676259,1111111101111111111111111101111111110111111101111111110000000000000000000000000000000000000000000000011111101111111000000000000000000000100,0.4444444444444444,101011111110111000000000000,1.0,1111111111111,0.9230769230769231,1111111101111,0.19047619047619047,001111110101101000111100000000000000000000000000000000000000000000000000110000000000
