TARGET_CLASS,configuration_id,criterion,ctg_min_time_per_job,ctg_schedule,search_budget,p_object_pool,ctg_time_per_class,Size,Length,Total_Time,Random_Seed,LineCoverage,LineCoverageBitString,BranchCoverage,BranchCoverageBitString,ExceptionCoverage,ExceptionCoverageBitString,Explicit_MethodExceptions,Explicit_TypeExceptions,Implicit_MethodExceptions,Implicit_TypeExceptions,WeakMutationScore,WeakMutationCoverageBitString,OutputCoverage,OutputCoverageBitString,MethodCoverage,MethodCoverageBitString,MethodNoExceptionCoverage,MethodNoExceptionCoverageBitString,CBranchCoverage,CBranchCoverageBitString
org.apache.spark.util.logging.RollingFileAppender,default,LINE;BRANCH;EXCEPTION;WEAKMUTATION;OUTPUT;METHOD;METHODNOEXCEPTION;CBRANCH,1,BUDGET,75,0.3,2,25,88,108020,1650582313662,0.5607476635514018,11111111111111111111000000000000000000011100001100000000000000011111111111101111111111111111010011111000001,0.43010752688172044,011011111111111111111111111111110000001011100100000000000000000000000100000000010100000000011,1.0,11111,0,0,5,3,0.14767932489451477,111111101111111111111100000000000000000000000000000000000000000000000000000000000000000000000000000000000000000000000000000000000000000000000000000000000000000000000000000000000000000000011111100000000000000000000111000000011000000000111,0.375,0100100100100100100100100101000100011011,1.0,11111111111111111,1.0,11111111111111111,0.27956989247311825,100110010110100101100011101110011011111011100000000000000000000000000000000000000000000000000
