TARGET_CLASS,configuration_id,criterion,ctg_min_time_per_job,ctg_schedule,search_budget,p_object_pool,ctg_time_per_class,Size,Length,Total_Time,Random_Seed,LineCoverage,LineCoverageBitString,BranchCoverage,BranchCoverageBitString,ExceptionCoverage,ExceptionCoverageBitString,Explicit_MethodExceptions,Explicit_TypeExceptions,Implicit_MethodExceptions,Implicit_TypeExceptions,WeakMutationScore,WeakMutationCoverageBitString,OutputCoverage,OutputCoverageBitString,MethodCoverage,MethodCoverageBitString,MethodNoExceptionCoverage,MethodNoExceptionCoverageBitString,CBranchCoverage,CBranchCoverageBitString
org.apache.spark.api.python.PythonFunction,default,LINE;BRANCH;EXCEPTION;WEAKMUTATION;OUTPUT;METHOD;METHODNOEXCEPTION;CBRANCH,1,BUDGET,176,0.3,2,66,248,224776,1650577518007,1.0,1111111111111111111111111111111111111111111,0.8842105263157894,01011111111111111111111111111111111111111111111111111110110001111111111111111111111110110000111,1.0,1,1,1,0,0,0.9555555555555556,111111111111111111110111111111111110111111111,0.4666666666666667,000000000101000001111111111100000100011111111100011100000000010100100000011101011100101110001111110101010,1.0,1111111111111111111111111111,1.0,1111111111111111111111111111,0.8526315789473684,11111111101111111111111101110101101101101111101111111101111111101111111110101101111111111111011
