TARGET_CLASS,configuration_id,criterion,ctg_min_time_per_job,ctg_schedule,search_budget,p_object_pool,ctg_time_per_class,Size,Length,Total_Time,Random_Seed,LineCoverage,LineCoverageBitString,BranchCoverage,BranchCoverageBitString,ExceptionCoverage,ExceptionCoverageBitString,Explicit_MethodExceptions,Explicit_TypeExceptions,Implicit_MethodExceptions,Implicit_TypeExceptions,WeakMutationScore,WeakMutationCoverageBitString,OutputCoverage,OutputCoverageBitString,MethodCoverage,MethodCoverageBitString,MethodNoExceptionCoverage,MethodNoExceptionCoverageBitString,CBranchCoverage,CBranchCoverageBitString
org.apache.tika.config.TikaConfigSerializer,default,LINE;BRANCH;EXCEPTION;WEAKMUTATION;OUTPUT;METHOD;METHODNOEXCEPTION;CBRANCH,1,BUDGET,168,0.3,2,2,4,182278,1650590243133,0.07586206896551724,1000000000000000000000000000000000000000011100000000000000000000000000000000000000000000000000000000001000000000000000000000011111100000000000000,0.03409090909090909,0111000000000000000000000000000000000000000000000000000000000000000000000000000000000000,1.0,1,0,0,0,0,0.014598540145985401,10000000000000000000000000000100000000000000000000000000000000000000000000000000000000000000000000000000000000000000000000000000000000000,1.0,,1.0,11,0.5,10,0.03409090909090909,1101000000000000000000000000000000000000000000000000000000000000000000000000000000000000
