TARGET_CLASS,configuration_id,criterion,ctg_min_time_per_job,ctg_schedule,search_budget,p_object_pool,ctg_time_per_class,Size,Length,Total_Time,Random_Seed,LineCoverage,LineCoverageBitString,BranchCoverage,BranchCoverageBitString,ExceptionCoverage,ExceptionCoverageBitString,Explicit_MethodExceptions,Explicit_TypeExceptions,Implicit_MethodExceptions,Implicit_TypeExceptions,WeakMutationScore,WeakMutationCoverageBitString,OutputCoverage,OutputCoverageBitString,MethodCoverage,MethodCoverageBitString,MethodNoExceptionCoverage,MethodNoExceptionCoverageBitString,CBranchCoverage,CBranchCoverageBitString
org.apache.manifoldcf.core.cachemanager.GeneralCache,default,LINE;BRANCH;EXCEPTION;WEAKMUTATION;OUTPUT;METHOD;METHODNOEXCEPTION;CBRANCH,1,BUDGET,66,0.3,2,178,1986,107957,1650574375554,0.945619335347432,1111111111111111111111111111111111111111111000000011111111111111101111100011111011111111111111111111111111111111111111000111111111111111111111111111111001111111111111111111111111111111111111111111111111111111111111111111111111111111111111111111111111111111111111111111111111101111111111111111111111111111111111111111111111111111111,0.89937106918239,111111111111111111111111111111111111111111111111111111011111001011011100000111111111111110111111111110111111111111111111101010111111111111011111111111111111111,1.0,111111,2,2,4,1,0.8058608058608059,111111111111111111100111111111111111101011110010011110000000111111111111111111111111111111111111111111111111110110111111111111111111111011111111111111111111111111111111111111110111111100000000011001011000000000111111111111111111111111101111111111111111111111111111111111111111111111111111110111111111101010111111011111010000000000000000000001111110101111111111110111111111001010010000000110110011111111111111011111111011111101010010100110111111111111111111111111111101111111110111111111110011111111111111111111011111111111101100111111111111101110,0.5833333333333334,100101001111,1.0,1111111111111111111111111111111111111111111111111111111111111111111,0.9552238805970149,1111111111111111111101111111111111111111111111111111111111111110110,0.8930817610062893,111111111111111111111111111111111111111111111111111110111110110100111100000111111111111111011111111101011111111111111111110011011111111111011111111111111111111
