TARGET_CLASS,configuration_id,criterion,ctg_min_time_per_job,ctg_schedule,search_budget,p_object_pool,ctg_time_per_class,Size,Length,Total_Time,Random_Seed,LineCoverage,LineCoverageBitString,BranchCoverage,BranchCoverageBitString,ExceptionCoverage,ExceptionCoverageBitString,Explicit_MethodExceptions,Explicit_TypeExceptions,Implicit_MethodExceptions,Implicit_TypeExceptions,WeakMutationScore,WeakMutationCoverageBitString,OutputCoverage,OutputCoverageBitString,MethodCoverage,MethodCoverageBitString,MethodNoExceptionCoverage,MethodNoExceptionCoverageBitString,CBranchCoverage,CBranchCoverageBitString
org.apache.directory.server.kerberos.shared.crypto.encryption.DesStringToKey,default,LINE;BRANCH;EXCEPTION;WEAKMUTATION;OUTPUT;METHOD;METHODNOEXCEPTION;CBRANCH,1,BUDGET,224,0.3,2,29,74,309075,1650569670380,1.0,111111111111111111111111111111111111111111111111111111111111111111111111111111111111111111111111111,1.0,111111111111111111111111111111111111111111,1.0,1111111111111111,0,0,16,3,0.9705882352941176,111111111111111111111111111110111111111110110111111111111111111110111111111111111010111111111011111111111011111110111111111111111111111111111111111111111111111111111111111111111111111111111111111111111111111111111111111111111111111111111110111111111111111111111111111111111111111111111111111111111111111111111111111111111011111111111111111111111111111111111111111111111111111111111111011111111111111101111111111111111111111111111111111111111111111111111111111111111111111100111111111111111111111111111111111111111111111111111111111111011111111111111111111111111110111111111111111111111111111111111101111111111111,0.4666666666666667,011110010010011010010010110010,1.0,111111111111,1.0,111111111111,1.0,111111111111111111111111111111111111111111
