TARGET_CLASS,configuration_id,criterion,ctg_min_time_per_job,ctg_schedule,search_budget,p_object_pool,ctg_time_per_class,Size,Length,Total_Time,Random_Seed,LineCoverage,LineCoverageBitString,BranchCoverage,BranchCoverageBitString,ExceptionCoverage,ExceptionCoverageBitString,Explicit_MethodExceptions,Explicit_TypeExceptions,Implicit_MethodExceptions,Implicit_TypeExceptions,WeakMutationScore,WeakMutationCoverageBitString,OutputCoverage,OutputCoverageBitString,MethodCoverage,MethodCoverageBitString,MethodNoExceptionCoverage,MethodNoExceptionCoverageBitString,CBranchCoverage,CBranchCoverageBitString
org.apache.wicket.util.string.Entities,default,LINE;BRANCH;EXCEPTION;WEAKMUTATION;OUTPUT;METHOD;METHODNOEXCEPTION;CBRANCH,1,BUDGET,102,0.3,2,91,1101,157817,1650592419395,0.9187817258883249,11111111111111111111111100111111110010011011111111111111111110001111111001111111111111111100111111111111111111111111111111111111111111111111111111111111111111101111111111111111111111111111111111101,0.9,111111111111111111111111111111111111111111111111111111111110111111111111100111010101100011,1.0,111111111111,0,0,12,3,0.9608745684695051,11111111111111111111111111111111111111111111111111111111111111111111111111111111111011111111111111111111111111101111011111111111111111111111111111111111111111111111111111111111111111111111111111111111111111111111111111111111111111111111111111111111111111111111011111111111111111111111111111111111111111111111111111110111111111111111111111111111111111111111111111111111111111111111011111111111111111111111111111111111111111111111111111111111111111111111111111111111111111111111111111111111111111111111111111111111111111111111111111111111111111111111111111111111111111101111111111111111111111111111101111111111111111110110000000000000011111111111111111111111111111111111111111111111111111111111111111111111110111111111111111111111111111111111111111111111111101111111111111111111111111111111110111111111111111100100011111111111111111111111111111110011111111101111111111111,0.6666666666666666,011110110110,1.0,11111111111111111111111111111111,1.0,11111111111111111111111111111111,0.9,111111111111111111111111111111111111111111111111111111111101111111111111100111100111000011
