TARGET_CLASS,configuration_id,criterion,ctg_min_time_per_job,ctg_schedule,search_budget,p_object_pool,ctg_time_per_class,Size,Length,Total_Time,Random_Seed,LineCoverage,LineCoverageBitString,BranchCoverage,BranchCoverageBitString,ExceptionCoverage,ExceptionCoverageBitString,Explicit_MethodExceptions,Explicit_TypeExceptions,Implicit_MethodExceptions,Implicit_TypeExceptions,WeakMutationScore,WeakMutationCoverageBitString,OutputCoverage,OutputCoverageBitString,MethodCoverage,MethodCoverageBitString,MethodNoExceptionCoverage,MethodNoExceptionCoverageBitString,CBranchCoverage,CBranchCoverageBitString
org.apache.spark.util.Benchmark,default,LINE;BRANCH;EXCEPTION;WEAKMUTATION;OUTPUT;METHOD;METHODNOEXCEPTION;CBRANCH,1,BUDGET,63,0.3,2,44,100,90838,1650583048226,0.6180555555555556,111111110010000100000000000000000000100000000000011111011111101110100100100000000001111111111111111111111111111111111111111111111111111111111111,0.5757575757575758,100101111010001111101111111110111111111111110101111111111111110111111110011000000000000000000001111111111111111011010000000000000000000111111110110100000000000111001,1.0,1,0,0,1,1,0.4228187919463087,111111111111100000000000000000000000000000000000000000000000000000000000000000000000000000000000000000000000000000000000000000000000000000000000000000000000000000000000000000111111111111111011111110111101110011111110111111111111111111111000000000011011000000000000001111111111111111111111111111110000000000110110000000000000011111111111111000000000000001111111111000000000000000000000000001011111111111111111111111111111111111111111111111111111111,0.140625,0100101000101001010000000000000000010010000000000000000000000000,0.7966101694915254,11111100000110001111111101111011111101011111111111111111111,0.7796610169491526,11111000000110001111111101111011111101011111111111111111111,0.509090909090909,101001110110101111011011111011101111100111110110011011100000111111111011101000000000000000000001111110010000010110100100001110010000111010010011011010011110010010000
