TARGET_CLASS,configuration_id,criterion,ctg_min_time_per_job,ctg_schedule,search_budget,p_object_pool,ctg_time_per_class,Size,Length,Total_Time,Random_Seed,LineCoverage,LineCoverageBitString,BranchCoverage,BranchCoverageBitString,ExceptionCoverage,ExceptionCoverageBitString,Explicit_MethodExceptions,Explicit_TypeExceptions,Implicit_MethodExceptions,Implicit_TypeExceptions,WeakMutationScore,WeakMutationCoverageBitString,OutputCoverage,OutputCoverageBitString,MethodCoverage,MethodCoverageBitString,MethodNoExceptionCoverage,MethodNoExceptionCoverageBitString,CBranchCoverage,CBranchCoverageBitString
org.apache.wicket.util.value.CopyOnWriteValueMap,default,LINE;BRANCH;EXCEPTION;WEAKMUTATION;OUTPUT;METHOD;METHODNOEXCEPTION;CBRANCH,1,BUDGET,37,0.3,2,43,92,53839,1650593543987,0.9,111101110111111111111000111111111111111111111111111111101111,0.9183673469387755,1111111111111111111111111111011001111111111111110,1.0,11111111111111111111111111111111111111111,0,0,41,1,1.0,11111111111111111,0.005813953488372093,0000000000000000000000000000000000000000000000000000000000000000000000000000000000000000000000000000000000000000000000000000000000000000000000000001000000000000000000000000,0.9361702127659575,11111111111110001111111111111111111111111111111,0.06382978723404255,10000000000000000000000000000000000001010000000,0.9183673469387755,1111111111111111101111011111111111110111111111110
