TARGET_CLASS,configuration_id,criterion,ctg_min_time_per_job,ctg_schedule,search_budget,p_object_pool,ctg_time_per_class,Size,Length,Total_Time,Random_Seed,LineCoverage,LineCoverageBitString,BranchCoverage,BranchCoverageBitString,ExceptionCoverage,ExceptionCoverageBitString,Explicit_MethodExceptions,Explicit_TypeExceptions,Implicit_MethodExceptions,Implicit_TypeExceptions,WeakMutationScore,WeakMutationCoverageBitString,OutputCoverage,OutputCoverageBitString,MethodCoverage,MethodCoverageBitString,MethodNoExceptionCoverage,MethodNoExceptionCoverageBitString,CBranchCoverage,CBranchCoverageBitString
org.apache.spark.rdd.NarrowCoGroupSplitDep,default,LINE;BRANCH;EXCEPTION;WEAKMUTATION;OUTPUT;METHOD;METHODNOEXCEPTION;CBRANCH,1,BUDGET,103,0.3,2,33,105,145932,1650579640646,0.875,11111111111111111111111011111000,0.639344262295082,1111111111111101111100001111111111111111000100000000000101100,1.0,1,1,1,0,0,0.8214285714285714,11111111111111111111111111111110100000000111101111111111,0.23841059602649006,1110101110110000000000000000000000000000000000000000000011110001111010111010110101100000001000000000000000000000000000000000000000000000100011110101010,1.0,111111111111111111111,1.0,111111111111111111111,0.5901639344262295,1111101110110011011110111110110000011001010110110011110001000
