TARGET_CLASS,configuration_id,criterion,ctg_min_time_per_job,ctg_schedule,search_budget,p_object_pool,ctg_time_per_class,Size,Length,Total_Time,Random_Seed,LineCoverage,LineCoverageBitString,BranchCoverage,BranchCoverageBitString,ExceptionCoverage,ExceptionCoverageBitString,Explicit_MethodExceptions,Explicit_TypeExceptions,Implicit_MethodExceptions,Implicit_TypeExceptions,WeakMutationScore,WeakMutationCoverageBitString,OutputCoverage,OutputCoverageBitString,MethodCoverage,MethodCoverageBitString,MethodNoExceptionCoverage,MethodNoExceptionCoverageBitString,CBranchCoverage,CBranchCoverageBitString
org.apache.manifoldcf.core.connector.BaseConnector,default,LINE;BRANCH;EXCEPTION;WEAKMUTATION;OUTPUT;METHOD;METHODNOEXCEPTION;CBRANCH,1,BUDGET,56,0.3,2,23,59,70157,1650574537055,0.5,00000000000000000000000000111111111111111111111110000011100111111111111111000000101000,0.4,000000000000000000000110111111000111111111100,1.0,1111111111,0,0,10,2,0.7297297297297297,000000000000000011111110111111111111101111111111111111111111111111111111111111111110110000000000011111111111111111111111101111111111111011111111111111111111111111101111111111111110111111111111100000000000000000000000000111,0.2916666666666667,000000000000000011111011,0.2692307692307692,00000000000001111000011100,0.2692307692307692,00000000000001111000011100,0.4,000000000000000000000111011111000111111111100
