TARGET_CLASS,configuration_id,criterion,ctg_min_time_per_job,ctg_schedule,search_budget,p_object_pool,ctg_time_per_class,Size,Length,Total_Time,Random_Seed,LineCoverage,LineCoverageBitString,BranchCoverage,BranchCoverageBitString,ExceptionCoverage,ExceptionCoverageBitString,Explicit_MethodExceptions,Explicit_TypeExceptions,Implicit_MethodExceptions,Implicit_TypeExceptions,WeakMutationScore,WeakMutationCoverageBitString,OutputCoverage,OutputCoverageBitString,MethodCoverage,MethodCoverageBitString,MethodNoExceptionCoverage,MethodNoExceptionCoverageBitString,CBranchCoverage,CBranchCoverageBitString
org.apache.wicket.util.value.ValueMap,default,LINE;BRANCH;EXCEPTION;WEAKMUTATION;OUTPUT;METHOD;METHODNOEXCEPTION;CBRANCH,1,BUDGET,204,0.3,2,102,288,258371,1650591988366,0.919047619047619,111111111111111111111111111111111111111111111111111111111111111111111111111111111111111111111111111111111111111111111101101111111111111000110001110111111111111111011111111110000000111111111111111111111111111111,0.9,111111111111111111111111111111111111110111111111110110111101100111111110000011111111111111111111111111111111111111111101,0.9230769230769231,11111111111111110101111111,10,3,9,2,0.8854748603351955,1111111111111111111111111110111111111110111111110111111111111111111111111111011111111111111111111111111111111111111111111111111111011111111111111111111111111111111111111111111111111111111111110011111110011111101111000000000000000000000000000111111111111111111111111111101111111111111111111111111111110111111111111111111111111111111111111111111111111111101110,0.5466666666666666,111101101001110000000000000001111111111111111101111001001110100111000111111001110001110000000000000000000111111000111011111011110000011110101101111110,1.0,1111111111111111111111111111111111111111111,0.8837209302325582,1111111111111111111111110100110111110111111,0.9,111111111111111111111111111111111111111011111111011110111110101011111110000011111111111111111111111111111111111111111101
