TARGET_CLASS,configuration_id,criterion,ctg_min_time_per_job,ctg_schedule,search_budget,p_object_pool,ctg_time_per_class,Size,Length,Total_Time,Random_Seed,LineCoverage,LineCoverageBitString,BranchCoverage,BranchCoverageBitString,ExceptionCoverage,ExceptionCoverageBitString,Explicit_MethodExceptions,Explicit_TypeExceptions,Implicit_MethodExceptions,Implicit_TypeExceptions,WeakMutationScore,WeakMutationCoverageBitString,OutputCoverage,OutputCoverageBitString,MethodCoverage,MethodCoverageBitString,MethodNoExceptionCoverage,MethodNoExceptionCoverageBitString,CBranchCoverage,CBranchCoverageBitString
org.apache.spark.util.io.ChunkedByteBufferOutputStream,default,LINE;BRANCH;EXCEPTION;WEAKMUTATION;OUTPUT;METHOD;METHODNOEXCEPTION;CBRANCH,1,BUDGET,66,0.3,2,21,92,94824,1650582732928,0.8035714285714286,11111111111111111101111111110000000011111111111111110011,0.8333333333333334,111011111101111111111110111001,0.9230769230769231,1011111111111,6,2,6,3,0.8814102564102564,111110111111111111111111111111111111111111111111111111111111111111111111111111111111111111111111111111111111111110101111111111111111111111111111111111111111111111111011111111111111101011111111111111111111111111111111111111111011111111111111111101011111111111111111100000000010111101111001111111111000000000000000,0.3333333333333333,010010110111000000000,1.0,1111111,0.8571428571428571,1111011,0.6666666666666666,110101000101111111111110110010
