TARGET_CLASS,configuration_id,criterion,ctg_min_time_per_job,ctg_schedule,search_budget,p_object_pool,ctg_time_per_class,Size,Length,Total_Time,Random_Seed,LineCoverage,LineCoverageBitString,BranchCoverage,BranchCoverageBitString,ExceptionCoverage,ExceptionCoverageBitString,Explicit_MethodExceptions,Explicit_TypeExceptions,Implicit_MethodExceptions,Implicit_TypeExceptions,WeakMutationScore,WeakMutationCoverageBitString,OutputCoverage,OutputCoverageBitString,MethodCoverage,MethodCoverageBitString,MethodNoExceptionCoverage,MethodNoExceptionCoverageBitString,CBranchCoverage,CBranchCoverageBitString
org.apache.wicket.util.lang.Objects,default,LINE;BRANCH;EXCEPTION;WEAKMUTATION;OUTPUT;METHOD;METHODNOEXCEPTION;CBRANCH,1,BUDGET,661,0.3,2,98,190,724414,1650591988397,0.8292682926829268,0011111111110101111111111101011111010111111111111111111111111111100000101010111010101010101011111111111010111111111111111111111111111111111111101110111111111111111111111110000001111111110101111111111111111,0.7640449438202247,111111111111000101111111110001011101000111111111111111111111111111111111111100000011001100110001111011001100110011010101011111110001010111111111111111111111111111111111111111111111011101111111111111110000000000000001111111011111000101111111111111111111111111111111111,1.0,11111111111,2,1,5,2,0.7970297029702971,111111100000011111111100000011111100000111111111111111111111111111111111111111111110111111111111011111111111111110000000000000000000000000000110110110011111111000000110100011111111111111111111110111111111111111111111111111111111111111111111111111111111111111111111111111111111111111111111111111111111111111111111111110111111111111111111111111111111111111111111111011111111111111111111111111111011100001111111111111111111111111111111111111111111111111111000000000000000000000000000000000000000000000011111111111111111111110000001111111111111111011111111111111111111011111111111111111111111111111111111111111,0.6027397260273972,1111110111111011111011111111111010010010000111111110000000000001110010010,1.0,111111111111111111,1.0,111111111111111111,0.7640449438202247,111111111111000011111111101001011100100111111111111111111111111111111111111010000110000111001001111001110010011001101101011111110000110111111111111111111111111111111111111111111110111011111111111110111000000000000001111110111110100011111111111111111111111111111111111
