TARGET_CLASS,configuration_id,criterion,ctg_min_time_per_job,ctg_schedule,search_budget,p_object_pool,ctg_time_per_class,Size,Length,Total_Time,Random_Seed,LineCoverage,LineCoverageBitString,BranchCoverage,BranchCoverageBitString,ExceptionCoverage,ExceptionCoverageBitString,Explicit_MethodExceptions,Explicit_TypeExceptions,Implicit_MethodExceptions,Implicit_TypeExceptions,WeakMutationScore,WeakMutationCoverageBitString,OutputCoverage,OutputCoverageBitString,MethodCoverage,MethodCoverageBitString,MethodNoExceptionCoverage,MethodNoExceptionCoverageBitString,CBranchCoverage,CBranchCoverageBitString
org.apache.spark.scheduler.SparkListenerTaskEnd,default,LINE;BRANCH;EXCEPTION;WEAKMUTATION;OUTPUT;METHOD;METHODNOEXCEPTION;CBRANCH,1,BUDGET,152,0.3,2,48,184,199426,1650577872563,1.0,1111111111111111111111111111111111111111,0.5609756097560976,1111111111111111111111111001111111111111111110100000000000000000000000000000000011,1.0,1,1,1,0,0,0.7037037037037037,111111111111111111111111111111011000000000000000000000011011111111111111111111111,0.3140096618357488,111111010111111010111111111110000000000000000000000000000000010000000000000000000000000000001111111010111111010110101011100101111111100000000000000000000000000000000100000000000000000000000000000011110101010,1.0,111111111111111111111111111,1.0,111111111111111111111111111,0.524390243902439,1011111011111111110111111111100100101001010000011010001000101000000111001001001000
