TARGET_CLASS,configuration_id,criterion,ctg_min_time_per_job,ctg_schedule,search_budget,p_object_pool,ctg_time_per_class,Size,Length,Total_Time,Random_Seed,LineCoverage,LineCoverageBitString,BranchCoverage,BranchCoverageBitString,ExceptionCoverage,ExceptionCoverageBitString,Explicit_MethodExceptions,Explicit_TypeExceptions,Implicit_MethodExceptions,Implicit_TypeExceptions,WeakMutationScore,WeakMutationCoverageBitString,OutputCoverage,OutputCoverageBitString,MethodCoverage,MethodCoverageBitString,MethodNoExceptionCoverage,MethodNoExceptionCoverageBitString,CBranchCoverage,CBranchCoverageBitString
org.apache.spark.broadcast.TorrentBroadcast,default,LINE;BRANCH;EXCEPTION;WEAKMUTATION;OUTPUT;METHOD;METHODNOEXCEPTION;CBRANCH,1,BUDGET,66,0.3,2,4,8,94280,1650582801418,0.07865168539325842,1110000000000000000000000000000000000000000000000000000000110000000000000000000000000011100000000000111110000000000000000000000000000000000000000000000000000000000000100000000000,0.06944444444444445,000000010010100000000000000010100000011000000000000000000101000000010000000000000000000000000000000000000000000000000000000000000000000000000000,1.0,1111,1,1,3,1,0.035897435897435895,111000000000000000000000000000000000000000000000000000000000000000000000000000000000000000000000000000000000000000000000000000000000000000000000000000000000000000000000011100010000000000000000000,0.0,000000000000000000000000000000000000,0.21428571428571427,11000000000001,0.0,00000000000000,0.027777777777777776,010000000010000000000000000000000000000000000000000000010000001000000000000000000000000000000000000000000000000000000000000000000000000000000000
