TARGET_CLASS,configuration_id,criterion,ctg_min_time_per_job,ctg_schedule,search_budget,p_object_pool,ctg_time_per_class,Size,Length,Total_Time,Random_Seed,LineCoverage,LineCoverageBitString,BranchCoverage,BranchCoverageBitString,ExceptionCoverage,ExceptionCoverageBitString,Explicit_MethodExceptions,Explicit_TypeExceptions,Implicit_MethodExceptions,Implicit_TypeExceptions,WeakMutationScore,WeakMutationCoverageBitString,OutputCoverage,OutputCoverageBitString,MethodCoverage,MethodCoverageBitString,MethodNoExceptionCoverage,MethodNoExceptionCoverageBitString,CBranchCoverage,CBranchCoverageBitString
org.apache.tika.config.ServiceLoader,default,LINE;BRANCH;EXCEPTION;WEAKMUTATION;OUTPUT;METHOD;METHODNOEXCEPTION;CBRANCH,1,BUDGET,109,0.3,2,28,102,134721,1650590462825,0.7117117117117117,111111111111111111000000000001100011110111111111111111111111100000111111111111111111111110000000000111011111101,0.6229508196721312,1111111111111011110101011111111111101111011100000000000000000,0.8888888888888888,111111011,0,0,6,1,0.6376811594202898,111000000000001111111111111111111111111111111111111111100000000000000,0.5714285714285714,10101111111101110101110101000100101111011001001001001001,0.9523809523809523,111111111111111111110,0.9523809523809523,111111111111111111110,0.5901639344262295,1110110111110111110101011111111111110110111010000000000000000
