TARGET_CLASS,configuration_id,criterion,ctg_min_time_per_job,ctg_schedule,search_budget,p_object_pool,ctg_time_per_class,Size,Length,Total_Time,Random_Seed,LineCoverage,LineCoverageBitString,BranchCoverage,BranchCoverageBitString,ExceptionCoverage,ExceptionCoverageBitString,Explicit_MethodExceptions,Explicit_TypeExceptions,Implicit_MethodExceptions,Implicit_TypeExceptions,WeakMutationScore,WeakMutationCoverageBitString,OutputCoverage,OutputCoverageBitString,MethodCoverage,MethodCoverageBitString,MethodNoExceptionCoverage,MethodNoExceptionCoverageBitString,CBranchCoverage,CBranchCoverageBitString
org.apache.wicket.util.crypt.Base64,default,LINE;BRANCH;EXCEPTION;WEAKMUTATION;OUTPUT;METHOD;METHODNOEXCEPTION;CBRANCH,1,BUDGET,325,0.3,2,48,101,389797,1650591988305,0.7142857142857143,000011111111111111111100111110000000000001010111100000000000000000000011111011111111000110111110000000000111111111111111111111111111111101111111011111111111111111111111111110101111111111111111111111111111111111,0.6759776536312849,01111111111110111111111111111100111010111000101101111010101100000110111111111110111101001010100000000000000000000111111111111111111000011111111110111111101100111101101111111110101,0.8148148148148148,111111011101011111111111001,18,2,4,2,0.7058823529411765,1111111111111111111111111111111111111111111111111111111111111111111111101111111101010111111111111111111111111111111111111111111111111011111000000111110011111111111110111111111111100111000000000000000000000000000000000000000000000000000000000000000000000000000011111010011111111001111111111110011100000000000000000000000000000000000000000000000000000000000000000000000000001111111111111111111111111111111011111011111111111110111111111111100000000000000000000000000000000001111111111111111011111111111111111111111111111111111010111111111111111100100000000111111111111111111111111111111111111111111111111111111011111111111111111110011111111111101111111111111111111111111111111111111111111111111011111111111111111101111111111111111111111111110011111111111001111111111111111111111111111111111111111111111,0.21739130434782608,000000000000000000000001000100010110010000010100010000010111100000010,0.8064516129032258,1111100011111111111111101110011,0.4838709677419355,0011000000001110111010101110011,0.5921787709497207,11110011001011111111111111100011011011011000101011101110111000000111010101100000000010110100100000000000000000000111111111111111111000001111111111110111110101010111101111111110101
