TARGET_CLASS,configuration_id,criterion,ctg_min_time_per_job,ctg_schedule,search_budget,p_object_pool,ctg_time_per_class,Size,Length,Total_Time,Random_Seed,LineCoverage,LineCoverageBitString,BranchCoverage,BranchCoverageBitString,ExceptionCoverage,ExceptionCoverageBitString,Explicit_MethodExceptions,Explicit_TypeExceptions,Implicit_MethodExceptions,Implicit_TypeExceptions,WeakMutationScore,WeakMutationCoverageBitString,OutputCoverage,OutputCoverageBitString,MethodCoverage,MethodCoverageBitString,MethodNoExceptionCoverage,MethodNoExceptionCoverageBitString,CBranchCoverage,CBranchCoverageBitString
org.apache.spark.memory.TaskMemoryManager,default,LINE;BRANCH;EXCEPTION;WEAKMUTATION;OUTPUT;METHOD;METHODNOEXCEPTION;CBRANCH,1,BUDGET,299,0.3,2,52,253,406045,1650575997435,0.847953216374269,111111111111111111111111111111111111111000000011111111000000011110111111111100111100000001111011111111111111111111111111111111011111111111111111111111111111111111111111111,0.7804878048780488,111111101110111111101111111110101111111111111011101111111101001100110011101111011011111010110011101111101011001111101111111,1.0,111111111111111,10,4,5,1,0.9325,1111111111111111111111111111111111111111111111111111111111111111111111111111111111111111111111111110111111111011111111111111111111111111111111111111111111111111111110100000111111111111011011111111110100111111111110111111111111110000111111111111111111111111111111111111111111111101111111111111111111111111111011111111111010111111111111111111111111101111111111101011111110111111111111111111011111111111,0.7714285714285715,11100000011110111110111111111111111,1.0,111111111111111,1.0,111111111111111,0.7804878048780488,111111101111110111111101111111100111111111111110111101111010100111001011111010111111011001110110111101101010111011110111111
