TARGET_CLASS,configuration_id,criterion,ctg_min_time_per_job,ctg_schedule,search_budget,p_object_pool,ctg_time_per_class,Size,Length,Total_Time,Random_Seed,LineCoverage,LineCoverageBitString,BranchCoverage,BranchCoverageBitString,ExceptionCoverage,ExceptionCoverageBitString,Explicit_MethodExceptions,Explicit_TypeExceptions,Implicit_MethodExceptions,Implicit_TypeExceptions,WeakMutationScore,WeakMutationCoverageBitString,OutputCoverage,OutputCoverageBitString,MethodCoverage,MethodCoverageBitString,MethodNoExceptionCoverage,MethodNoExceptionCoverageBitString,CBranchCoverage,CBranchCoverageBitString
org.apache.tika.fork.ForkClient,default,LINE;BRANCH;EXCEPTION;WEAKMUTATION;OUTPUT;METHOD;METHODNOEXCEPTION;CBRANCH,1,BUDGET,131,0.3,2,4,15,155154,1650590290405,0.3709677419354839,1111111111111000000011100000001010100110000111000000011111111111111111111110000000000000000000000000000000000000000000000000,0.29310344827586204,0001000000000000101010101100000000001001110110000001100101,1.0,111,1,1,0,0,0.4107142857142857,111111111100000000000000000000000000000000000000000000000000000111110000000000000000000000000000000000000000000001111111111111111111111111111111111111111111111111111110,0.0,0000,0.25,1000,0.0,0000,0.1896551724137931,0001000000000000000000000000000000000110110000110010110100
