TARGET_CLASS,configuration_id,criterion,ctg_min_time_per_job,ctg_schedule,search_budget,p_object_pool,ctg_time_per_class,Size,Length,Total_Time,Random_Seed,LineCoverage,LineCoverageBitString,BranchCoverage,BranchCoverageBitString,ExceptionCoverage,ExceptionCoverageBitString,Explicit_MethodExceptions,Explicit_TypeExceptions,Implicit_MethodExceptions,Implicit_TypeExceptions,WeakMutationScore,WeakMutationCoverageBitString,OutputCoverage,OutputCoverageBitString,MethodCoverage,MethodCoverageBitString,MethodNoExceptionCoverage,MethodNoExceptionCoverageBitString,CBranchCoverage,CBranchCoverageBitString
org.apache.deltaspike.core.impl.crypto.DefaultCipherService,default,LINE;BRANCH;EXCEPTION;WEAKMUTATION;OUTPUT;METHOD;METHODNOEXCEPTION;CBRANCH,1,BUDGET,112,0.3,2,28,75,144682,1650568300287,0.7951807228915663,11111111111111111111110111111100000011111111111111111000011001101100111111111110111,0.7073170731707317,11111111111111000110001101111111111000010,1.0,1111111111111111111,11,4,6,1,0.8392857142857143,11111111111111111100000000001110000000000000000011111101001111111111111111111111111111101111111111111111111111111111111111111111011111111111011111111111111111111111011111111111111111111111111111111111111111111111111111111001,0.5084745762711864,11001011000000011111111001001001011111100110110000110010010,1.0,11111111111,0.7272727272727273,11110010111,0.7073170731707317,11111111111110100110010101111111111001000
