TARGET_CLASS,configuration_id,criterion,ctg_min_time_per_job,ctg_schedule,search_budget,p_object_pool,ctg_time_per_class,Size,Length,Total_Time,Random_Seed,LineCoverage,LineCoverageBitString,BranchCoverage,BranchCoverageBitString,ExceptionCoverage,ExceptionCoverageBitString,Explicit_MethodExceptions,Explicit_TypeExceptions,Implicit_MethodExceptions,Implicit_TypeExceptions,WeakMutationScore,WeakMutationCoverageBitString,OutputCoverage,OutputCoverageBitString,MethodCoverage,MethodCoverageBitString,MethodNoExceptionCoverage,MethodNoExceptionCoverageBitString,CBranchCoverage,CBranchCoverageBitString
org.apache.spark.FetchFailed,default,LINE;BRANCH;EXCEPTION;WEAKMUTATION;OUTPUT;METHOD;METHODNOEXCEPTION;CBRANCH,1,BUDGET,130,0.3,2,60,174,176783,1650578631010,1.0,111111111111111111111111111111111111111,0.9571428571428572,1111111111111111111111100111111111111111111111111111111111111101111111,1.0,1,1,1,0,0,0.9934640522875817,111111111111111111111111111111111111111111111111111111111011111111111111111111111111111111111111111111111111111111111111111111111111111111111111111111111,0.6779661016949152,1111111111011101011111100000001110000001111111111111111111111101110101111110101011111111010110000000101111110100101010,1.0,11111111111111111111111111,1.0,11111111111111111111111111,0.9142857142857143,1111111111001110111111111111011111111111111101111111111111011111111111
