TARGET_CLASS,configuration_id,criterion,ctg_min_time_per_job,ctg_schedule,search_budget,p_object_pool,ctg_time_per_class,Size,Length,Total_Time,Random_Seed,LineCoverage,LineCoverageBitString,BranchCoverage,BranchCoverageBitString,ExceptionCoverage,ExceptionCoverageBitString,Explicit_MethodExceptions,Explicit_TypeExceptions,Implicit_MethodExceptions,Implicit_TypeExceptions,WeakMutationScore,WeakMutationCoverageBitString,OutputCoverage,OutputCoverageBitString,MethodCoverage,MethodCoverageBitString,MethodNoExceptionCoverage,MethodNoExceptionCoverageBitString,CBranchCoverage,CBranchCoverageBitString
org.apache.wicket.util.collections.IntHashMap,default,LINE;BRANCH;EXCEPTION;WEAKMUTATION;OUTPUT;METHOD;METHODNOEXCEPTION;CBRANCH,1,BUDGET,214,0.3,2,97,326,302721,1650591988261,0.7564935064935064,11111111111111111111111111111111111111111111111111011111111111111111111111111111111111111111111111111111111111111101111111111111110001100000000000111111111111011111111111110000000000011110011111111111111111111100000000111111111111111111011111110000000100111111111111011011111111000000000101000001000010100000,0.7159090909090909,00101011111111111111111010000011111110111111111111111111111000111011111111111011111111111101111000000011111111111111111111111111001111111111101011110000110000001111000000000000,1.0,1111111111111111111111111111111,2,1,29,4,0.7996632996632996,111111111111111111111111111111111111111111111111111111111111111111111111111111111111111111111111111111111111111111111111111111111111111111111111111111111111111111111111111110000000001111111111111110010000011111111111111111011111111111111111111111111111111111111111111111111111111110010000011111111111111111111011111111111111111111111111111111111111111111000000000000000000000011111101111111101111111011111111111111111111111111110000000111111111111111111111111111111111111111111111111111111111110111111111111111111111111111011111110000000000000010000000000100010000000000000000000000000000000001,0.6206896551724138,0111011110000001111111111101001001010101011110111000111110,0.6491228070175439,111111111111111111111111111111111111100000000000000000000,0.6491228070175439,111111111111111111111111111111111111100000000000000000000,0.7159090909090909,01010010100111110110111111111011110111111111111111111111110100111011111111111011111111111101110100000011111111111111111111111111001111111111011011110000110000001111000000000000
