TARGET_CLASS,configuration_id,criterion,ctg_min_time_per_job,ctg_schedule,search_budget,p_object_pool,ctg_time_per_class,Size,Length,Total_Time,Random_Seed,LineCoverage,LineCoverageBitString,BranchCoverage,BranchCoverageBitString,ExceptionCoverage,ExceptionCoverageBitString,Explicit_MethodExceptions,Explicit_TypeExceptions,Implicit_MethodExceptions,Implicit_TypeExceptions,WeakMutationScore,WeakMutationCoverageBitString,OutputCoverage,OutputCoverageBitString,MethodCoverage,MethodCoverageBitString,MethodNoExceptionCoverage,MethodNoExceptionCoverageBitString,CBranchCoverage,CBranchCoverageBitString
org.apache.spark.memory.StorageMemoryPool,default,LINE;BRANCH;EXCEPTION;WEAKMUTATION;OUTPUT;METHOD;METHODNOEXCEPTION;CBRANCH,1,BUDGET,81,0.3,2,3,10,123276,1650581011903,0.4126984126984127,111110100100000000000010000000111111111111111100000110000000000,0.10204081632653061,0000000000100000100000110010000000000000000000000,1.0,11,0,0,2,1,0.0625,11101110111001100000000000000000000000000000000000000000000000000000000000000000000000000000000000000000000000000000000000000000000000000000000000000000000000000000000000000000,0.0,000000000000000000000000000000,0.14814814814814814,110101000000000000000000000,0.07407407407407407,100001000000000000000000000,0.061224489795918366,0000000100000000000000001100000000000000000000000
