TARGET_CLASS,configuration_id,criterion,ctg_min_time_per_job,ctg_schedule,search_budget,p_object_pool,ctg_time_per_class,Size,Length,Total_Time,Random_Seed,LineCoverage,LineCoverageBitString,BranchCoverage,BranchCoverageBitString,ExceptionCoverage,ExceptionCoverageBitString,Explicit_MethodExceptions,Explicit_TypeExceptions,Implicit_MethodExceptions,Implicit_TypeExceptions,WeakMutationScore,WeakMutationCoverageBitString,OutputCoverage,OutputCoverageBitString,MethodCoverage,MethodCoverageBitString,MethodNoExceptionCoverage,MethodNoExceptionCoverageBitString,CBranchCoverage,CBranchCoverageBitString
org.apache.manifoldcf.core.common.Base64,default,LINE;BRANCH;EXCEPTION;WEAKMUTATION;OUTPUT;METHOD;METHODNOEXCEPTION;CBRANCH,1,BUDGET,68,0.3,2,29,125,93987,1650574385346,0.9101123595505618,11111111111111111111111110001111011111111111111001111111110011111111111111111111111111111,0.9069767441860465,1111111111101111011110111011111111111111111,1.0,11111111111111111,2,2,9,2,0.9435736677115988,1111111111111111011111111101111110111111111111111111111100111111111101111111111111111111111110110000111111111111111111111111111110111111111111111111101111111101111111111111111111111101111111111111111111111111111111111111111111111111111111111111111111011111111111011111111111111111111111111111111111111111111111111111110,0.7,1111001011,1.0,1111111,1.0,1111111,0.7906976744186046,1111111111101110101001011011111111101011111
