TARGET_CLASS,configuration_id,criterion,ctg_min_time_per_job,ctg_schedule,search_budget,p_object_pool,ctg_time_per_class,Size,Length,Total_Time,Random_Seed,LineCoverage,LineCoverageBitString,BranchCoverage,BranchCoverageBitString,ExceptionCoverage,ExceptionCoverageBitString,Explicit_MethodExceptions,Explicit_TypeExceptions,Implicit_MethodExceptions,Implicit_TypeExceptions,WeakMutationScore,WeakMutationCoverageBitString,OutputCoverage,OutputCoverageBitString,MethodCoverage,MethodCoverageBitString,MethodNoExceptionCoverage,MethodNoExceptionCoverageBitString,CBranchCoverage,CBranchCoverageBitString
org.apache.directory.shared.kerberos.components.EncKrbPrivPart,default,LINE;BRANCH;EXCEPTION;WEAKMUTATION;OUTPUT;METHOD;METHODNOEXCEPTION;CBRANCH,1,BUDGET,213,0.3,2,66,733,328168,1650569714091,0.979381443298969,1111111111111111111111111111111111111111111111111111111111001111111111111111111111111111111111111,0.9767441860465116,1111111111111111111111111111111111011111111,1.0,111,0,0,2,1,1.0,1111111111111111111111111111111111111111111111111111111111111111111111111111111111111111111111111111111111111111111111111111111111111111111111111111111111111111111111111111111111111111111111111,0.42857142857142855,0100000000000000000000000001111111111111111111010,1.0,1111111111111111,1.0,1111111111111111,0.9767441860465116,1111111111111111111111111111111111011111111
