TARGET_CLASS,configuration_id,criterion,ctg_min_time_per_job,ctg_schedule,search_budget,p_object_pool,ctg_time_per_class,Size,Length,Total_Time,Random_Seed,LineCoverage,LineCoverageBitString,BranchCoverage,BranchCoverageBitString,ExceptionCoverage,ExceptionCoverageBitString,Explicit_MethodExceptions,Explicit_TypeExceptions,Implicit_MethodExceptions,Implicit_TypeExceptions,WeakMutationScore,WeakMutationCoverageBitString,OutputCoverage,OutputCoverageBitString,MethodCoverage,MethodCoverageBitString,MethodNoExceptionCoverage,MethodNoExceptionCoverageBitString,CBranchCoverage,CBranchCoverageBitString
org.apache.manifoldcf.core.common.DateParser,default,LINE;BRANCH;EXCEPTION;WEAKMUTATION;OUTPUT;METHOD;METHODNOEXCEPTION;CBRANCH,1,BUDGET,117,0.3,2,32,33,136831,1650574120063,0.7235294117647059,11111111111111111111111111111000000001111111000000000000000001111111111111111111110111111111111111111111111111111111111111111111111111110001011111111110000000000000000011,0.7142857142857143,11111111111111111111110111111011111111111111111111111111010110000010010100000011111111010001000000,1.0,111,0,0,3,2,0.9685314685314685,1111111110111111111111111111111111111111111111110111110111111111111111111111111111111111111111111111111111111111111101111111111111111111111011111111111111111111111111111101111111111111111111111111111111101111111111111111111111110111111111111111111111111111011111111111111111111111111111,0.6363636363636364,01011011101,1.0,111111,1.0,111111,0.7142857142857143,11111111111111111111111011101111111111111111111111111101111001000010011000000011111111100010000000
