TARGET_CLASS,configuration_id,criterion,ctg_min_time_per_job,ctg_schedule,search_budget,p_object_pool,ctg_time_per_class,Size,Length,Total_Time,Random_Seed,LineCoverage,LineCoverageBitString,BranchCoverage,BranchCoverageBitString,ExceptionCoverage,ExceptionCoverageBitString,Explicit_MethodExceptions,Explicit_TypeExceptions,Implicit_MethodExceptions,Implicit_TypeExceptions,WeakMutationScore,WeakMutationCoverageBitString,OutputCoverage,OutputCoverageBitString,MethodCoverage,MethodCoverageBitString,MethodNoExceptionCoverage,MethodNoExceptionCoverageBitString,CBranchCoverage,CBranchCoverageBitString
org.apache.wicket.util.io.IOUtils,default,LINE;BRANCH;EXCEPTION;WEAKMUTATION;OUTPUT;METHOD;METHODNOEXCEPTION;CBRANCH,1,BUDGET,147,0.3,2,90,256,189079,1650591988361,0.9424460431654677,1111111111111111000001111111111111111111111111111011111111001111111111111111111111111111111111111111111111111111111111111111111111111111111,0.92,111111111111111111111111111111111111111110111111111111111011000011111111111,1.0,1111111111111111111111111111111111111111111,0,0,19,2,0.8628571428571429,1111111111111111111111111111111111011111111111111111111111111111111011111111111111111111111111111111111000000000000000010111111100101111111111111101111111111111111111111111011,0.5675675675675675,0111000011110110110110100110110100110,0.96875,11111110111111111111111111111111,0.90625,11111010011111111111111111111111,0.8666666666666667,111111111111111111111111111111111111111111011110000111111101000011111111111
