TARGET_CLASS,configuration_id,criterion,ctg_min_time_per_job,ctg_schedule,search_budget,p_object_pool,ctg_time_per_class,Size,Length,Total_Time,Random_Seed,LineCoverage,LineCoverageBitString,BranchCoverage,BranchCoverageBitString,ExceptionCoverage,ExceptionCoverageBitString,Explicit_MethodExceptions,Explicit_TypeExceptions,Implicit_MethodExceptions,Implicit_TypeExceptions,WeakMutationScore,WeakMutationCoverageBitString,OutputCoverage,OutputCoverageBitString,MethodCoverage,MethodCoverageBitString,MethodNoExceptionCoverage,MethodNoExceptionCoverageBitString,CBranchCoverage,CBranchCoverageBitString
org.apache.spark.deploy.OptionAssigner,default,LINE;BRANCH;EXCEPTION;WEAKMUTATION;OUTPUT;METHOD;METHODNOEXCEPTION;CBRANCH,1,BUDGET,133,0.3,2,64,137,176264,1650578371052,1.0,111111111111111111111111111111111111111,0.9620253164556962,1011011111111111111111111111111111111111111111111111111111111111111111111110111,1.0,1,1,1,0,0,0.9888888888888889,111111111111111111111111111111111111111111111111111111011111111111111111111111111111111111,0.7525773195876289,0010010010011111111111110100111111111111111111111111111111111111110100101111101011100100101010111,1.0,1111111111111111111111111111,1.0,1111111111111111111111111111,0.8734177215189873,1111111110111111110011010100111111101101111111111111111110111111111111111111111
