TARGET_CLASS,configuration_id,criterion,ctg_min_time_per_job,ctg_schedule,search_budget,p_object_pool,ctg_time_per_class,Size,Length,Total_Time,Random_Seed,LineCoverage,LineCoverageBitString,BranchCoverage,BranchCoverageBitString,ExceptionCoverage,ExceptionCoverageBitString,Explicit_MethodExceptions,Explicit_TypeExceptions,Implicit_MethodExceptions,Implicit_TypeExceptions,WeakMutationScore,WeakMutationCoverageBitString,OutputCoverage,OutputCoverageBitString,MethodCoverage,MethodCoverageBitString,MethodNoExceptionCoverage,MethodNoExceptionCoverageBitString,CBranchCoverage,CBranchCoverageBitString
org.apache.manifoldcf.core.jdbcpool.ConnectionPool,default,LINE;BRANCH;EXCEPTION;WEAKMUTATION;OUTPUT;METHOD;METHODNOEXCEPTION;CBRANCH,1,BUDGET,66,0.3,2,27,430,112163,1650574383008,0.5538461538461539,1111111111111111000000000000000110000011111100000111111111110111100000000000011110000001111010000000001111111101111111111111110010,0.5227272727272727,11111110001101001100000100101110110000111001,1.0,1111111111,4,2,5,3,0.5217391304347826,1111111111111111111111111111111111111111110101101111111111111110000000111111111111010111000000000000000110011101110100000000000011111111111111010111000000000000000000000000000000000000000000000000000000000000000000000000011101001111111111111111111111111,0.0,00,1.0,1111111,0.7142857142857143,1111010,0.5227272727272727,11111101001101001100000101001101110000111001
