TARGET_CLASS,configuration_id,criterion,ctg_min_time_per_job,ctg_schedule,search_budget,p_object_pool,ctg_time_per_class,Size,Length,Total_Time,Random_Seed,LineCoverage,LineCoverageBitString,BranchCoverage,BranchCoverageBitString,ExceptionCoverage,ExceptionCoverageBitString,Explicit_MethodExceptions,Explicit_TypeExceptions,Implicit_MethodExceptions,Implicit_TypeExceptions,WeakMutationScore,WeakMutationCoverageBitString,OutputCoverage,OutputCoverageBitString,MethodCoverage,MethodCoverageBitString,MethodNoExceptionCoverage,MethodNoExceptionCoverageBitString,CBranchCoverage,CBranchCoverageBitString
org.apache.directory.shared.kerberos.components.KdcRep,default,LINE;BRANCH;EXCEPTION;WEAKMUTATION;OUTPUT;METHOD;METHODNOEXCEPTION;CBRANCH,1,BUDGET,124,0.3,2,31,151,154243,1650570308837,0.8640776699029126,1111111111111111111111111111000111111111111111111111100000000000111111111111111111111111111111111111111,1.0,11111111111111111111111111111111,1.0,111111,0,0,5,2,0.9876543209876543,111111111111111111111111111111111111111111111111111110111111111111111111111111111111111111111111111111111111111101111111111111111111111111111111111111111111111111,0.4375,0000000000000000000000000001111100111101111101101111111111010010,1.0,1111111111111111111,0.8947368421052632,1100111111111111111,1.0,11111111111111111111111111111111
