TARGET_CLASS,configuration_id,criterion,ctg_min_time_per_job,ctg_schedule,search_budget,p_object_pool,ctg_time_per_class,Size,Length,Total_Time,Random_Seed,LineCoverage,LineCoverageBitString,BranchCoverage,BranchCoverageBitString,ExceptionCoverage,ExceptionCoverageBitString,Explicit_MethodExceptions,Explicit_TypeExceptions,Implicit_MethodExceptions,Implicit_TypeExceptions,WeakMutationScore,WeakMutationCoverageBitString,OutputCoverage,OutputCoverageBitString,MethodCoverage,MethodCoverageBitString,MethodNoExceptionCoverage,MethodNoExceptionCoverageBitString,CBranchCoverage,CBranchCoverageBitString
org.apache.wicket.util.io.BOMInputStream,default,LINE;BRANCH;EXCEPTION;WEAKMUTATION;OUTPUT;METHOD;METHODNOEXCEPTION;CBRANCH,1,BUDGET,139,0.3,2,55,277,184682,1650592187595,0.9743589743589743,010111111111111111111111111111111111111111111111111111111111111111111111111111,0.9850746268656716,1111011111111111111111111111111111111111111111111111111111111111111,1.0,1111111111111111111111111111,3,1,17,3,0.9691780821917808,1111111111111111111111111101111101111111110111111111111111111111011111111111111111111111110111111111101111111111111111111011111111111111111111111111111111111111111111111111111111111111111111111111111111111111111111111111111111111011101111111111111111111111111111111111111111111111111111111111,0.8695652173913043,01010111111111111111111,1.0,11111111111111,1.0,11111111111111,0.9701492537313433,1101111111111111111111111111111011111111111111111111111111111111111
