TARGET_CLASS,configuration_id,criterion,ctg_min_time_per_job,ctg_schedule,search_budget,p_object_pool,ctg_time_per_class,Size,Length,Total_Time,Random_Seed,LineCoverage,LineCoverageBitString,BranchCoverage,BranchCoverageBitString,ExceptionCoverage,ExceptionCoverageBitString,Explicit_MethodExceptions,Explicit_TypeExceptions,Implicit_MethodExceptions,Implicit_TypeExceptions,WeakMutationScore,WeakMutationCoverageBitString,OutputCoverage,OutputCoverageBitString,MethodCoverage,MethodCoverageBitString,MethodNoExceptionCoverage,MethodNoExceptionCoverageBitString,CBranchCoverage,CBranchCoverageBitString
org.apache.activemq.artemis.core.server.NetworkHealthCheck,default,LINE;BRANCH;EXCEPTION;WEAKMUTATION;OUTPUT;METHOD;METHODNOEXCEPTION;CBRANCH,1,BUDGET,211,0.3,2,145,486,288718,1650567208346,0.8625,1111111111111111111111111111101111111111111110101111111111111111111111110111111111111111111111110111010110000000000111111111111111111001111111111110001111111111,0.875,1111111111111111111111111100101111111111111111111111111111111111111111111111111111110110111010001000001111111111,1.0,11111111111,0,0,11,3,0.8036529680365296,111111111111100000011111111111111011111011111111111111101111101111111111111111111111111111111110111110111110111111111111111111111111110011111111111010000111100000001111111111111110000011111000000000111111111011111011111,0.8838709677419355,1111111111111110111111111111111011111111110111101111101111111111111110111111111111111011111111111111100000001111110011111000000011111111111111111110111111111111111000111111111111111011111111111111101111111111111110111111111111111011111111111111101111111111111110111111111111111011111111111111101111111111111110,1.0,111111111111111111111111111111111,0.9696969696969697,111111111111111111111101111111111,0.875,1111111111111111111111111100011111111111111111111111111111111111111111111111111111111001110110000100001111111111
