TARGET_CLASS,configuration_id,criterion,ctg_min_time_per_job,ctg_schedule,search_budget,p_object_pool,ctg_time_per_class,Size,Length,Total_Time,Random_Seed,LineCoverage,LineCoverageBitString,BranchCoverage,BranchCoverageBitString,ExceptionCoverage,ExceptionCoverageBitString,Explicit_MethodExceptions,Explicit_TypeExceptions,Implicit_MethodExceptions,Implicit_TypeExceptions,WeakMutationScore,WeakMutationCoverageBitString,OutputCoverage,OutputCoverageBitString,MethodCoverage,MethodCoverageBitString,MethodNoExceptionCoverage,MethodNoExceptionCoverageBitString,CBranchCoverage,CBranchCoverageBitString
org.apache.spark.status.api.v1.ApplicationAttemptInfo,default,LINE;BRANCH;EXCEPTION;WEAKMUTATION;OUTPUT;METHOD;METHODNOEXCEPTION;CBRANCH,1,BUDGET,192,0.3,2,86,303,258626,1650577311070,1.0,1111111111111111111111111111111111111111111111111111,0.963302752293578,1111111111111111111111111111111101101111111111111111111111111111111111111101111111111111111111111111111011111,1.0,1111,1,1,3,1,0.989010989010989,1111111111111111111111111111111111111111111111111111111111111011111111111111111111111111111,0.8,10111101010111111111101001111111111111111111111111101011111111110100101111111111111111110101110010111110101010,1.0,11111111111111111111111111111111111,1.0,11111111111111111111111111111111111,0.9174311926605505,1111111110111101111111011111111011110111111111111111111110111111111111111111111111111111110011101111111111111
