TARGET_CLASS,configuration_id,criterion,ctg_min_time_per_job,ctg_schedule,search_budget,p_object_pool,ctg_time_per_class,Size,Length,Total_Time,Random_Seed,LineCoverage,LineCoverageBitString,BranchCoverage,BranchCoverageBitString,ExceptionCoverage,ExceptionCoverageBitString,Explicit_MethodExceptions,Explicit_TypeExceptions,Implicit_MethodExceptions,Implicit_TypeExceptions,WeakMutationScore,WeakMutationCoverageBitString,OutputCoverage,OutputCoverageBitString,MethodCoverage,MethodCoverageBitString,MethodNoExceptionCoverage,MethodNoExceptionCoverageBitString,CBranchCoverage,CBranchCoverageBitString
org.apache.tika.detect.MagicDetector,default,LINE;BRANCH;EXCEPTION;WEAKMUTATION;OUTPUT;METHOD;METHODNOEXCEPTION;CBRANCH,1,BUDGET,241,0.3,2,42,158,304290,1650589975481,0.9111111111111111,111111111111111111111111111111111111111111110010001001001110111111111111111111111111111111111111111110010011111111111111101111111111011111111111111111111111111111111111111111111111,0.9318181818181818,111111111111111111111111111111111111111111111111111010101001011011111111111111111111111111111111111110111111101111111111111111111111,1.0,11111111111,7,2,3,2,0.8799212598425197,1111111111111111111111110111111111111111111111111111111111111111111111111111111011101111111111111111110111111111111111111111110111110111110111110111111111011111111101111111011111011111011111111111111111111111011111111111111110101001111111111111101010011111111111110111111111111111111111111110100000011111111111111010000000000000000000000000111111111111111111111111111111111111111111111111111111111111111111101111111111111111111111111111001111111111111111111111111111111111111111111110111111111111111101111111,0.5384615384615384,1100110110010,1.0,111111111,1.0,111111111,0.9318181818181818,111111111111111111111111111111111111111111111111111001100101010111111111111111111111111111111111111110111111011111111111111111111111
