TARGET_CLASS,configuration_id,criterion,ctg_min_time_per_job,ctg_schedule,search_budget,p_object_pool,ctg_time_per_class,Size,Length,Total_Time,Random_Seed,LineCoverage,LineCoverageBitString,BranchCoverage,BranchCoverageBitString,ExceptionCoverage,ExceptionCoverageBitString,Explicit_MethodExceptions,Explicit_TypeExceptions,Implicit_MethodExceptions,Implicit_TypeExceptions,WeakMutationScore,WeakMutationCoverageBitString,OutputCoverage,OutputCoverageBitString,MethodCoverage,MethodCoverageBitString,MethodNoExceptionCoverage,MethodNoExceptionCoverageBitString,CBranchCoverage,CBranchCoverageBitString
org.apache.spark.deploy.worker.ui.LogPage,default,LINE;BRANCH;EXCEPTION;WEAKMUTATION;OUTPUT;METHOD;METHODNOEXCEPTION;CBRANCH,1,BUDGET,137,0.3,2,1,2,197937,1650578218548,0.1796875,11100000000000000000000000000000111111111111111101110000000000000000000000000000000000000000000000000000000000010000000000000000,0.019801980198019802,00000010000000000000100000000000000000000000000000000000000000000000000000000000000000000000000000000,1.0,1,0,0,1,1,0.0,0000000000000000000000000000000000000000000000000000000000000000000000000000000000000000000000000000000000000000000000000000000000000000000000000000000000000000000000,0.0,0000000000000000000000000000000000000000000000000000000000000000000,0.043478260869565216,10000000000000000000000,0.0,00000000000000000000000,0.009900990099009901,00000000001000000000000000000000000000000000000000000000000000000000000000000000000000000000000000000
