TARGET_CLASS,configuration_id,criterion,ctg_min_time_per_job,ctg_schedule,search_budget,p_object_pool,ctg_time_per_class,Size,Length,Total_Time,Random_Seed,LineCoverage,LineCoverageBitString,BranchCoverage,BranchCoverageBitString,ExceptionCoverage,ExceptionCoverageBitString,Explicit_MethodExceptions,Explicit_TypeExceptions,Implicit_MethodExceptions,Implicit_TypeExceptions,WeakMutationScore,WeakMutationCoverageBitString,OutputCoverage,OutputCoverageBitString,MethodCoverage,MethodCoverageBitString,MethodNoExceptionCoverage,MethodNoExceptionCoverageBitString,CBranchCoverage,CBranchCoverageBitString
org.apache.spark.storage.BlockManagerInfo,default,LINE;BRANCH;EXCEPTION;WEAKMUTATION;OUTPUT;METHOD;METHODNOEXCEPTION;CBRANCH,1,BUDGET,94,0.3,2,1,3,143533,1650580478494,0.36363636363636365,11111111111111110000111101111111111111111111000001000000000000000000000000000000000000000000000000000000000000,0.036585365853658534,0001000001000100000000000000000000000000000000000000000000000000000000000000000000,1.0,,0,0,0,0,0.035830618892508145,0000000000011011110111001010000000000000000000000000000000000000000000000000000000000000000000000000000000000000000000000000000000000000000000000000000000000000000000000000000000000000000000000000000000000000000000000000000000000000000000000000000000000000000000000000000000000000000000000000000000000000000,0.0,00000000000000000000000000000000000000000000000000000000,0.02857142857142857,10000000000000000000000000000000000,0.02857142857142857,10000000000000000000000000000000000,0.012195121951219513,0000000000000000000000000000000000000100000000000000000000000000000000000000000000
