TARGET_CLASS,configuration_id,criterion,ctg_min_time_per_job,ctg_schedule,search_budget,p_object_pool,ctg_time_per_class,Size,Length,Total_Time,Random_Seed,LineCoverage,LineCoverageBitString,BranchCoverage,BranchCoverageBitString,ExceptionCoverage,ExceptionCoverageBitString,Explicit_MethodExceptions,Explicit_TypeExceptions,Implicit_MethodExceptions,Implicit_TypeExceptions,WeakMutationScore,WeakMutationCoverageBitString,OutputCoverage,OutputCoverageBitString,MethodCoverage,MethodCoverageBitString,MethodNoExceptionCoverage,MethodNoExceptionCoverageBitString,CBranchCoverage,CBranchCoverageBitString
org.apache.meecrowave.cxf.MeecrowaveBus,default,LINE;BRANCH;EXCEPTION;WEAKMUTATION;OUTPUT;METHOD;METHODNOEXCEPTION;CBRANCH,1,BUDGET,69,0.3,2,40,443,107998,1650575374465,0.4342105263157895,1111111000000000000000000000111111111110000000000111111111111111000000000000,0.3958333333333333,111111111111111111000000000000100000000000000000,1.0,11111111,1,1,7,1,0.08411214953271028,00000000000000000000000001100000000000000000000000000111111100000000000000000000000000000000000000000000000,0.3898305084745763,11100100100100100100100100100101000000101010101010101001010,1.0,11111111111111111111,0.95,10111111111111111111,0.3958333333333333,111110111110111111110000000000010000000000000000
