TARGET_CLASS,configuration_id,criterion,ctg_min_time_per_job,ctg_schedule,search_budget,p_object_pool,ctg_time_per_class,Size,Length,Total_Time,Random_Seed,LineCoverage,LineCoverageBitString,BranchCoverage,BranchCoverageBitString,ExceptionCoverage,ExceptionCoverageBitString,Explicit_MethodExceptions,Explicit_TypeExceptions,Implicit_MethodExceptions,Implicit_TypeExceptions,WeakMutationScore,WeakMutationCoverageBitString,OutputCoverage,OutputCoverageBitString,MethodCoverage,MethodCoverageBitString,MethodNoExceptionCoverage,MethodNoExceptionCoverageBitString,CBranchCoverage,CBranchCoverageBitString
org.apache.spark.deploy.master.ApplicationInfo,default,LINE;BRANCH;EXCEPTION;WEAKMUTATION;OUTPUT;METHOD;METHODNOEXCEPTION;CBRANCH,1,BUDGET,78,0.3,2,42,289,114432,1650581540907,0.8,11111111111111000111111111111111111111110110010001111111111010001111111111111000,0.6716417910447762,1110111111111111111111111110111111100000100001010001011011001010011,1.0,11111,1,1,4,2,0.5873015873015873,111111111111111111100001111111110000010000000000000100000000000000000000000000111100011111111111111111111111101111111111111111,0.44036697247706424,1000000000001000111100000000000011111111110101001010010100010100100010100100011111010110100100100100011111111,1.0,11111111111111111111111111111111,0.90625,11011111111111111111110011111111,0.6417910447761194,1101110111111100111101101011111111111110010001001000000100001111111
