TARGET_CLASS,configuration_id,criterion,ctg_min_time_per_job,ctg_schedule,search_budget,p_object_pool,ctg_time_per_class,Size,Length,Total_Time,Random_Seed,LineCoverage,LineCoverageBitString,BranchCoverage,BranchCoverageBitString,ExceptionCoverage,ExceptionCoverageBitString,Explicit_MethodExceptions,Explicit_TypeExceptions,Implicit_MethodExceptions,Implicit_TypeExceptions,WeakMutationScore,WeakMutationCoverageBitString,OutputCoverage,OutputCoverageBitString,MethodCoverage,MethodCoverageBitString,MethodNoExceptionCoverage,MethodNoExceptionCoverageBitString,CBranchCoverage,CBranchCoverageBitString
org.apache.spark.util.ThreadStackTrace,default,LINE;BRANCH;EXCEPTION;WEAKMUTATION;OUTPUT;METHOD;METHODNOEXCEPTION;CBRANCH,1,BUDGET,176,0.3,2,53,168,225581,1650577600208,1.0,1111111111111111111111111111111111111111111,0.5157894736842106,11111111111111111111111111001111111111111111111101000000000000000000000000000000000000000000011,1.0,1,1,1,0,0,0.671875,1111111111111111111111111011000000000000000000001111111111111111,0.7721518987341772,1110101110111111111111110111111111111101011101011110101110010111111111100101010,1.0,1111111111111111111111111111,1.0,1111111111111111111111111111,0.4842105263157895,11111111111111111101111110110000000101000010011000000100110100110010110000001101010010000100000
