TARGET_CLASS,configuration_id,criterion,ctg_min_time_per_job,ctg_schedule,search_budget,p_object_pool,ctg_time_per_class,Size,Length,Total_Time,Random_Seed,LineCoverage,LineCoverageBitString,BranchCoverage,BranchCoverageBitString,ExceptionCoverage,ExceptionCoverageBitString,Explicit_MethodExceptions,Explicit_TypeExceptions,Implicit_MethodExceptions,Implicit_TypeExceptions,WeakMutationScore,WeakMutationCoverageBitString,OutputCoverage,OutputCoverageBitString,MethodCoverage,MethodCoverageBitString,MethodNoExceptionCoverage,MethodNoExceptionCoverageBitString,CBranchCoverage,CBranchCoverageBitString
org.apache.wicket.util.file.Files,default,LINE;BRANCH;EXCEPTION;WEAKMUTATION;OUTPUT;METHOD;METHODNOEXCEPTION;CBRANCH,1,BUDGET,122,0.3,2,90,940,191841,1650592257546,0.9111111111111111,001111111111111111111111111111111111011111111100111111011111100111111111111111111111111111,0.9642857142857143,11111111111111111111111101111111111111111111011111111111,1.0,11111111111111111111111111,8,3,11,2,0.8990384615384616,1111111111111111111111111101111111111111111111111101111111111110111111111111111101111111111111111111111111111101111111111111101101111001011110011111111111111100000011111011111111111101111111111110111111111111,0.7171717171717171,111110111110010111111111001001001101111100110111111111110010010011111111001101111110011111111011001,1.0,1111111111111111,1.0,1111111111111111,0.9642857142857143,11111111111111111111111110111111111111111111011111111111
