TARGET_CLASS,configuration_id,criterion,ctg_min_time_per_job,ctg_schedule,search_budget,p_object_pool,ctg_time_per_class,Size,Length,Total_Time,Random_Seed,LineCoverage,LineCoverageBitString,BranchCoverage,BranchCoverageBitString,ExceptionCoverage,ExceptionCoverageBitString,Explicit_MethodExceptions,Explicit_TypeExceptions,Implicit_MethodExceptions,Implicit_TypeExceptions,WeakMutationScore,WeakMutationCoverageBitString,OutputCoverage,OutputCoverageBitString,MethodCoverage,MethodCoverageBitString,MethodNoExceptionCoverage,MethodNoExceptionCoverageBitString,CBranchCoverage,CBranchCoverageBitString
org.apache.tika.parser.external.ExternalParsersConfigReader,default,LINE;BRANCH;EXCEPTION;WEAKMUTATION;OUTPUT;METHOD;METHODNOEXCEPTION;CBRANCH,1,BUDGET,124,0.3,2,12,26,145017,1650590436064,0.15217391304347827,10000000110111111100000001111000000000000000000000000000000000000000000000000000000000000000,0.13559322033898305,11111111000000000000000000000000000000000000000000000000000,1.0,111111111,0,0,4,2,0.059113300492610835,11111011110110000000000001000000000000000000000000000000000000000000000000000000000000000000000000000000000000000000000000000000000000000000000000000000000000000000000000000000000000000000000000000000000,0.1111111111111111,000000000000010010,1.0,1111,0.5,1001,0.13559322033898305,11111110100000000000000000000000000000000000000000000000000
