TARGET_CLASS,configuration_id,criterion,ctg_min_time_per_job,ctg_schedule,search_budget,p_object_pool,ctg_time_per_class,Size,Length,Total_Time,Random_Seed,LineCoverage,LineCoverageBitString,BranchCoverage,BranchCoverageBitString,ExceptionCoverage,ExceptionCoverageBitString,Explicit_MethodExceptions,Explicit_TypeExceptions,Implicit_MethodExceptions,Implicit_TypeExceptions,WeakMutationScore,WeakMutationCoverageBitString,OutputCoverage,OutputCoverageBitString,MethodCoverage,MethodCoverageBitString,MethodNoExceptionCoverage,MethodNoExceptionCoverageBitString,CBranchCoverage,CBranchCoverageBitString
org.apache.directory.shared.kerberos.components.PrincipalName,default,LINE;BRANCH;EXCEPTION;WEAKMUTATION;OUTPUT;METHOD;METHODNOEXCEPTION;CBRANCH,1,BUDGET,415,0.3,2,37,96,472921,1650568855231,0.9513888888888888,111111111111111111110011111111111111011111111111111111111111111111111111111111111111001111111001111111111111111111111111111111111111111111111111,0.8513513513513513,11111111111111110111111110011111111101111101111001111111111011111110001111,0.8888888888888888,101111111,2,1,5,2,0.9471153846153846,1110111101111111111110111111111111111111111111111111111111111111011111111111111111111111111111111111111111111011111111110111111111111111111111111111111111111111111010111111111111111111111111111111110001111111,0.3333333333333333,010000000000000000000000000111100111110110111010,1.0,111111111111111111,1.0,111111111111111111,0.8513513513513513,11111111111111111110111110110111111101111110111011101111111011111101001111
