TARGET_CLASS,configuration_id,criterion,ctg_min_time_per_job,ctg_schedule,search_budget,p_object_pool,ctg_time_per_class,Size,Length,Total_Time,Random_Seed,LineCoverage,LineCoverageBitString,BranchCoverage,BranchCoverageBitString,ExceptionCoverage,ExceptionCoverageBitString,Explicit_MethodExceptions,Explicit_TypeExceptions,Implicit_MethodExceptions,Implicit_TypeExceptions,WeakMutationScore,WeakMutationCoverageBitString,OutputCoverage,OutputCoverageBitString,MethodCoverage,MethodCoverageBitString,MethodNoExceptionCoverage,MethodNoExceptionCoverageBitString,CBranchCoverage,CBranchCoverageBitString
org.apache.spark.status.TaskDataWrapper,default,LINE;BRANCH;EXCEPTION;WEAKMUTATION;OUTPUT;METHOD;METHODNOEXCEPTION;CBRANCH,1,BUDGET,78,0.3,2,128,386,113940,1650582002787,0.9172413793103448,1111111111111111111111111111111111111111100001110111111111111111111111111111111111111000000110111111111111111111111111111111111111111111111111111,0.8524590163934426,1111111111111111111111111111111111111111011111111111100000000,1.0,1,0,0,1,1,0.5714285714285714,11111111111111111111111111111111111111111111111100000011111111000000000000000000000000000000000000,0.9779411764705882,0011111111111111111111111111111111111111111111111111111111111111111111111111111111111111111111111111111111111111111111111111111111111110,1.0,11111111111111111111111111111111111111111111,1.0,11111111111111111111111111111111111111111111,0.8524590163934426,1111101111111111111111111111111111111111111111111111100000000
