TARGET_CLASS,configuration_id,criterion,ctg_min_time_per_job,ctg_schedule,search_budget,p_object_pool,ctg_time_per_class,Size,Length,Total_Time,Random_Seed,LineCoverage,LineCoverageBitString,BranchCoverage,BranchCoverageBitString,ExceptionCoverage,ExceptionCoverageBitString,Explicit_MethodExceptions,Explicit_TypeExceptions,Implicit_MethodExceptions,Implicit_TypeExceptions,WeakMutationScore,WeakMutationCoverageBitString,OutputCoverage,OutputCoverageBitString,MethodCoverage,MethodCoverageBitString,MethodNoExceptionCoverage,MethodNoExceptionCoverageBitString,CBranchCoverage,CBranchCoverageBitString
org.apache.spark.scheduler.TaskInfo,default,LINE;BRANCH;EXCEPTION;WEAKMUTATION;OUTPUT;METHOD;METHODNOEXCEPTION;CBRANCH,1,BUDGET,118,0.3,2,60,199,168150,1650578837706,0.95,111111111111111111111111111111111111110101111111111111101111,0.9166666666666666,111111111111111111111111110110110110111111111111111111110111,1.0,11,2,2,0,0,0.9719626168224299,11111111111111111111111111111111111111110111011111111111111111111111111111111011111111111111111111111111111,0.9090909090909091,0111111111111111111111111110101111111111110101111111111,1.0,11111111111111111111111111111,1.0,11111111111111111111111111111,0.9166666666666666,111111111111111111111111011110011101111111111111111111111011
