TARGET_CLASS,configuration_id,criterion,ctg_min_time_per_job,ctg_schedule,search_budget,p_object_pool,ctg_time_per_class,Size,Length,Total_Time,Random_Seed,LineCoverage,LineCoverageBitString,BranchCoverage,BranchCoverageBitString,ExceptionCoverage,ExceptionCoverageBitString,Explicit_MethodExceptions,Explicit_TypeExceptions,Implicit_MethodExceptions,Implicit_TypeExceptions,WeakMutationScore,WeakMutationCoverageBitString,OutputCoverage,OutputCoverageBitString,MethodCoverage,MethodCoverageBitString,MethodNoExceptionCoverage,MethodNoExceptionCoverageBitString,CBranchCoverage,CBranchCoverageBitString
org.apache.activemq.artemis.utils.collections.PriorityLinkedListImpl,default,LINE;BRANCH;EXCEPTION;WEAKMUTATION;OUTPUT;METHOD;METHODNOEXCEPTION;CBRANCH,1,BUDGET,78,0.3,2,39,400,119742,1650567644652,0.5227272727272727,1111111111111111110111111111111111111111111111100000000000000000000000000000000000000000,0.48214285714285715,10111111111110111111011111111100000000000000000000000000,1.0,111111111,0,0,9,5,0.657258064516129,11111111111111111111011111111111111111111110111111111110010111111111111111111111111111111111111111111111111111111111111110111111111110111111110111111111110111111111011111111000000000000000000000000000000000000000000000000000000000000000000000000000,0.6666666666666666,111001011,0.5714285714285714,11111111000000,0.5714285714285714,11111111000000,0.48214285714285715,11011111111110111111011111111100000000000000000000000000
