TARGET_CLASS,configuration_id,criterion,ctg_min_time_per_job,ctg_schedule,search_budget,p_object_pool,ctg_time_per_class,Size,Length,Total_Time,Random_Seed,LineCoverage,LineCoverageBitString,BranchCoverage,BranchCoverageBitString,ExceptionCoverage,ExceptionCoverageBitString,Explicit_MethodExceptions,Explicit_TypeExceptions,Implicit_MethodExceptions,Implicit_TypeExceptions,WeakMutationScore,WeakMutationCoverageBitString,OutputCoverage,OutputCoverageBitString,MethodCoverage,MethodCoverageBitString,MethodNoExceptionCoverage,MethodNoExceptionCoverageBitString,CBranchCoverage,CBranchCoverageBitString
org.apache.spark.scheduler.SparkListenerApplicationStart,default,LINE;BRANCH;EXCEPTION;WEAKMUTATION;OUTPUT;METHOD;METHODNOEXCEPTION;CBRANCH,1,BUDGET,158,0.3,2,57,150,217106,1650577729741,1.0,11111111111111111111111111111111111111111,0.8111111111111111,111111111111111111111111111011011111111111111111111111011101100011110111011000011000011111,1.0,1,1,1,0,0,0.9428571428571428,1111111111111111111111111111111110111111110110111011111111111111111111,0.7215189873417721,1011111111011101011101111111110111110111101011101001110101011100101111110101010,1.0,11111111111111111111111111111,1.0,11111111111111111111111111111,0.7555555555555555,111111110111110110101111101111111111111111111100111110010011101110110001001111001111011011
