TARGET_CLASS,configuration_id,criterion,ctg_min_time_per_job,ctg_schedule,search_budget,p_object_pool,ctg_time_per_class,Size,Length,Total_Time,Random_Seed,LineCoverage,LineCoverageBitString,BranchCoverage,BranchCoverageBitString,ExceptionCoverage,ExceptionCoverageBitString,Explicit_MethodExceptions,Explicit_TypeExceptions,Implicit_MethodExceptions,Implicit_TypeExceptions,WeakMutationScore,WeakMutationCoverageBitString,OutputCoverage,OutputCoverageBitString,MethodCoverage,MethodCoverageBitString,MethodNoExceptionCoverage,MethodNoExceptionCoverageBitString,CBranchCoverage,CBranchCoverageBitString
org.apache.meecrowave.openwebbeans.OWBTomcatWebScannerService,default,LINE;BRANCH;EXCEPTION;WEAKMUTATION;OUTPUT;METHOD;METHODNOEXCEPTION;CBRANCH,1,BUDGET,160,0.3,2,31,97,236946,1650575354637,0.4701492537313433,11111110000000000000000000000000001111111001111111111111111111111111110111111111111000000000000000000000000000000001111111000000110001,0.4791666666666667,011111111111111111111111110000000000000000000000000000000000001111101111011000011110000000111111,1.0,1111111111,3,2,7,2,0.3372093023255814,1111111110000000000000000000000000000000000000000000000000000000000000000000000000000000000000000000000000000000000000000000000000000000000000000000000000000000000000000000000000000000000000000000000000000000000000000000000000000000000000000000000000000001011111111101111110111111111001111111110111110111111111111111111111100100000000000000000000000011111111111111111111111111111011111110111111110011111111101111101111111111111111,0.3,00000000000010111011,1.0,1111111111111111,0.875,1111101111111011,0.4791666666666667,111101111111111111111111110000000000000000000000000000000000001110111111100010110100100000111111
