TARGET_CLASS,configuration_id,criterion,ctg_min_time_per_job,ctg_schedule,search_budget,p_object_pool,ctg_time_per_class,Size,Length,Total_Time,Random_Seed,LineCoverage,LineCoverageBitString,BranchCoverage,BranchCoverageBitString,ExceptionCoverage,ExceptionCoverageBitString,Explicit_MethodExceptions,Explicit_TypeExceptions,Implicit_MethodExceptions,Implicit_TypeExceptions,WeakMutationScore,WeakMutationCoverageBitString,OutputCoverage,OutputCoverageBitString,MethodCoverage,MethodCoverageBitString,MethodNoExceptionCoverage,MethodNoExceptionCoverageBitString,CBranchCoverage,CBranchCoverageBitString
org.apache.wicket.util.io.ByteArrayOutputStream,default,LINE;BRANCH;EXCEPTION;WEAKMUTATION;OUTPUT;METHOD;METHODNOEXCEPTION;CBRANCH,1,BUDGET,85,0.3,2,22,69,119643,1650592584638,1.0,11111111111111111111111111111111111111111111111111111111111111111111111,0.9210526315789473,11111111110111111111111011111101111111,1.0,1111111,2,2,3,1,0.9769585253456221,11111111111111111111111111111111111100111111111111111111111111111111111111111111111111111111111111111111110111111111111111111111111111111111111111111111111011111111011111111111111111111111111111111110111111111111111111111111111111111111111111111111111111111111111111111111111111111111111111111111011111111111111111111111111111110011111111111111111111111111111111110111111111111111111111111111111111111111111111111111111111111111111111,0.5,011110110000,1.0,11111111111,0.9090909090909091,11111110111,0.9210526315789473,11111111111011101111111111111101111111
