TARGET_CLASS,configuration_id,criterion,ctg_min_time_per_job,ctg_schedule,search_budget,p_object_pool,ctg_time_per_class,Size,Length,Total_Time,Random_Seed,LineCoverage,LineCoverageBitString,BranchCoverage,BranchCoverageBitString,ExceptionCoverage,ExceptionCoverageBitString,Explicit_MethodExceptions,Explicit_TypeExceptions,Implicit_MethodExceptions,Implicit_TypeExceptions,WeakMutationScore,WeakMutationCoverageBitString,OutputCoverage,OutputCoverageBitString,MethodCoverage,MethodCoverageBitString,MethodNoExceptionCoverage,MethodNoExceptionCoverageBitString,CBranchCoverage,CBranchCoverageBitString
org.apache.tika.mime.MimeTypesReader,default,LINE;BRANCH;EXCEPTION;WEAKMUTATION;OUTPUT;METHOD;METHODNOEXCEPTION;CBRANCH,1,BUDGET,117,0.3,2,12,121,190588,1650590439071,0.9338842975206612,1111111111111111111111100111111111111111110011111111111111110011111111111111111100111111111111111111111111111111111111111,0.9705882352941176,11111111111111111111111111011111111111011111111111111111111111111111,1.0,11111,0,0,0,0,0.8740601503759399,1111011111111111111111111111111111111101111111111111111111111111111000000000000000000000000000000000000000000000000000000111111111111111111111111111110111111111111111111111111111111111111111111111111111111111011111111111111111111111111111111111111111111111111111111101111111111111111111111111111101111111111111111111111111111101111111111111111111111111111101111111111111111111111111111110111111111111111111111111111110111111111111111111111111111110111111111111111111111111111110111111111111111111111111111110111111111111111111111111,0.5,10,0.8181818181818182,11111111100,0.5454545454545454,11100011100,0.8235294117647058,11111100111111111111111111011111111110111111111111111111111100000000
