TARGET_CLASS,configuration_id,criterion,ctg_min_time_per_job,ctg_schedule,search_budget,p_object_pool,ctg_time_per_class,Size,Length,Total_Time,Random_Seed,LineCoverage,LineCoverageBitString,BranchCoverage,BranchCoverageBitString,ExceptionCoverage,ExceptionCoverageBitString,Explicit_MethodExceptions,Explicit_TypeExceptions,Implicit_MethodExceptions,Implicit_TypeExceptions,WeakMutationScore,WeakMutationCoverageBitString,OutputCoverage,OutputCoverageBitString,MethodCoverage,MethodCoverageBitString,MethodNoExceptionCoverage,MethodNoExceptionCoverageBitString,CBranchCoverage,CBranchCoverageBitString
org.apache.activemq.artemis.utils.actors.ProcessorBase,default,LINE;BRANCH;EXCEPTION;WEAKMUTATION;OUTPUT;METHOD;METHODNOEXCEPTION;CBRANCH,1,BUDGET,137,0.3,2,22,362,217242,1650567309592,0.676056338028169,11111111000000000011111110111000110000111111111110111101111001111011111,0.5178571428571429,11110000000000000000111011100110111111011111111011010000,1.0,1,0,0,1,1,0.6844919786096256,1110000000000000000000011111111111000011111111111011011111100000111111111011111111111101111111111011111111111111111001101111111111111111101111111111111011111011111000000000000000000101111,0.46153846153846156,0111001001001,1.0,11111111,1.0,11111111,0.32142857142857145,11110000000000000000101011101001111000000000000111100000
