TARGET_CLASS,configuration_id,criterion,ctg_min_time_per_job,ctg_schedule,search_budget,p_object_pool,ctg_time_per_class,Size,Length,Total_Time,Random_Seed,LineCoverage,LineCoverageBitString,BranchCoverage,BranchCoverageBitString,ExceptionCoverage,ExceptionCoverageBitString,Explicit_MethodExceptions,Explicit_TypeExceptions,Implicit_MethodExceptions,Implicit_TypeExceptions,WeakMutationScore,WeakMutationCoverageBitString,OutputCoverage,OutputCoverageBitString,MethodCoverage,MethodCoverageBitString,MethodNoExceptionCoverage,MethodNoExceptionCoverageBitString,CBranchCoverage,CBranchCoverageBitString
org.apache.spark.rdd.RDDOperationScope,default,LINE;BRANCH;EXCEPTION;WEAKMUTATION;OUTPUT;METHOD;METHODNOEXCEPTION;CBRANCH,1,BUDGET,78,0.3,2,33,50,112965,1650581381418,0.581081081081081,11111101111111111111111111111111111111111100000000000000000000000000000011,0.4953271028037383,11111101111111111011111011101111111111111111111111111110000000001000010000000000000000000000000000000000000,1.0,111,1,1,2,1,0.23770491803278687,11111111111110010000000000011111111111111100000000000000000000000000000000000000000000000000000000000000000000000000000000,0.4,100101000000000111101010100101110100101001000,0.9666666666666667,111111111111111111111111111110,0.9,111100111111111111111111111110,0.2897196261682243,00101101100001010101000100110110100000100100110101000101111011101000010000000000000000000000000000000000000
