TARGET_CLASS,configuration_id,criterion,ctg_min_time_per_job,ctg_schedule,search_budget,p_object_pool,ctg_time_per_class,Size,Length,Total_Time,Random_Seed,LineCoverage,LineCoverageBitString,BranchCoverage,BranchCoverageBitString,ExceptionCoverage,ExceptionCoverageBitString,Explicit_MethodExceptions,Explicit_TypeExceptions,Implicit_MethodExceptions,Implicit_TypeExceptions,WeakMutationScore,WeakMutationCoverageBitString,OutputCoverage,OutputCoverageBitString,MethodCoverage,MethodCoverageBitString,MethodNoExceptionCoverage,MethodNoExceptionCoverageBitString,CBranchCoverage,CBranchCoverageBitString
org.apache.spark.scheduler.JobSubmitted,default,LINE;BRANCH;EXCEPTION;WEAKMUTATION;OUTPUT;METHOD;METHODNOEXCEPTION;CBRANCH,1,BUDGET,170,0.3,2,5,5,203847,1650577616579,0.4444444444444444,000000100100000011000000110010001111111111111,0.08421052631578947,10100000000000011010000000010000101000000000000000000000000000000000000000000000000000000000000,1.0,,0,0,0,0,0.016129032258064516,00000000000000000000000000000000000000000000000000000001000000,0.027624309392265192,0000010000010000000000000000000000000000000000000000000000000000000000000000000000000000000000000000010000000000000000000000000000000000000000000000000000000000000000000000000001010,0.16666666666666666,101000000000001000000000000011,0.16666666666666666,101000000000001000000000000011,0.05263157894736842,00000010010000000000011001000000000000000000000000000000000000000000000000000000000000000000000
