TARGET_CLASS,configuration_id,criterion,ctg_min_time_per_job,ctg_schedule,search_budget,p_object_pool,ctg_time_per_class,Size,Length,Total_Time,Random_Seed,LineCoverage,LineCoverageBitString,BranchCoverage,BranchCoverageBitString,ExceptionCoverage,ExceptionCoverageBitString,Explicit_MethodExceptions,Explicit_TypeExceptions,Implicit_MethodExceptions,Implicit_TypeExceptions,WeakMutationScore,WeakMutationCoverageBitString,OutputCoverage,OutputCoverageBitString,MethodCoverage,MethodCoverageBitString,MethodNoExceptionCoverage,MethodNoExceptionCoverageBitString,CBranchCoverage,CBranchCoverageBitString
org.apache.spark.internal.config.ConfigBuilder,default,LINE;BRANCH;EXCEPTION;WEAKMUTATION;OUTPUT;METHOD;METHODNOEXCEPTION;CBRANCH,1,BUDGET,78,0.3,2,49,112,109787,1650582076548,0.9682539682539683,111111111111111111111111111111100111111111111111111111111111111,0.7052631578947368,00111111111111111111111011101111111110100001001101010000010010011111111111111110111111010101010,1.0,1111,2,2,2,1,0.7837837837837838,1111111111111111111111011111110000000,0.5161290322580645,111111011100101001010111011101010011010010110101010010011110000000010111001010101001010110100,0.9459459459459459,1111110111111111111111111101111111111,0.9459459459459459,1111110111111111111111111101111111111,0.5473684210526316,11111000101011010010111001001101000001010010110111111001010100111011111101111101111110000000000
