TARGET_CLASS,configuration_id,criterion,ctg_min_time_per_job,ctg_schedule,search_budget,p_object_pool,ctg_time_per_class,Size,Length,Total_Time,Random_Seed,LineCoverage,LineCoverageBitString,BranchCoverage,BranchCoverageBitString,ExceptionCoverage,ExceptionCoverageBitString,Explicit_MethodExceptions,Explicit_TypeExceptions,Implicit_MethodExceptions,Implicit_TypeExceptions,WeakMutationScore,WeakMutationCoverageBitString,OutputCoverage,OutputCoverageBitString,MethodCoverage,MethodCoverageBitString,MethodNoExceptionCoverage,MethodNoExceptionCoverageBitString,CBranchCoverage,CBranchCoverageBitString
org.apache.spark.deploy.ClientEndpoint,default,LINE;BRANCH;EXCEPTION;WEAKMUTATION;OUTPUT;METHOD;METHODNOEXCEPTION;CBRANCH,1,BUDGET,100,0.3,2,10,189,156458,1650579747134,0.42207792207792205,1111111111110111111111111111111100000011111111110000000000000000000000000011111101110100000000000000111111000000000000000000111111000010000000000000010000,0.2846715328467153,11110111101110111111111111111101100000000001000000000011000000000101001001000000000000000000000000000000000000010000000000000000000000101,1.0,111,0,0,3,2,0.12105263157894737,1111111111000000000000000000000000000000000000000001111100000000000000000000000000000000000000000000000000000000000000000000000000000000000000000000000000000100000000000000000001000111000111,0.30434782608695654,10101010000000010100001,0.7575757575757576,111111011111011111011011001111010,0.6666666666666666,111111011111011111000011001011010,0.20437956204379562,01000011000100100101001000001000111100000110111010011001100000000010001100000000000000000000000000000000000000000000000000000000000000110
