TARGET_CLASS,configuration_id,criterion,ctg_min_time_per_job,ctg_schedule,search_budget,p_object_pool,ctg_time_per_class,Size,Length,Total_Time,Random_Seed,LineCoverage,LineCoverageBitString,BranchCoverage,BranchCoverageBitString,ExceptionCoverage,ExceptionCoverageBitString,Explicit_MethodExceptions,Explicit_TypeExceptions,Implicit_MethodExceptions,Implicit_TypeExceptions,WeakMutationScore,WeakMutationCoverageBitString,OutputCoverage,OutputCoverageBitString,MethodCoverage,MethodCoverageBitString,MethodNoExceptionCoverage,MethodNoExceptionCoverageBitString,CBranchCoverage,CBranchCoverageBitString
org.apache.manifoldcf.core.interfaces.ConfigParams,default,LINE;BRANCH;EXCEPTION;WEAKMUTATION;OUTPUT;METHOD;METHODNOEXCEPTION;CBRANCH,1,BUDGET,56,0.3,2,26,66,73263,1650574518053,0.9444444444444444,111111011101111111111111111111111111111111111111110011111111111111111111,0.9166666666666666,111111111111111101111111110101111111,1.0,1111111111,1,1,9,4,0.9748201438848921,11111111111111111111111111111111111111111111111111011111111111111111111111111111111111111111101111111111111111111111111111111111111111111111111111111111111111111111111111100111110011111111111111111111111011111111111111111111111111111111111111111111111111111111111111111111111111,0.36666666666666664,001000100100110010001010100110,1.0,1111111111111111,0.875,1001111111111111,0.9166666666666666,111111111111110111111111110110111111
