TARGET_CLASS,configuration_id,criterion,ctg_min_time_per_job,ctg_schedule,search_budget,p_object_pool,ctg_time_per_class,Size,Length,Total_Time,Random_Seed,LineCoverage,LineCoverageBitString,BranchCoverage,BranchCoverageBitString,ExceptionCoverage,ExceptionCoverageBitString,Explicit_MethodExceptions,Explicit_TypeExceptions,Implicit_MethodExceptions,Implicit_TypeExceptions,WeakMutationScore,WeakMutationCoverageBitString,OutputCoverage,OutputCoverageBitString,MethodCoverage,MethodCoverageBitString,MethodNoExceptionCoverage,MethodNoExceptionCoverageBitString,CBranchCoverage,CBranchCoverageBitString
org.apache.spark.memory.UnifiedMemoryManager,default,LINE;BRANCH;EXCEPTION;WEAKMUTATION;OUTPUT;METHOD;METHODNOEXCEPTION;CBRANCH,1,BUDGET,97,0.3,2,5,9,135769,1650579926061,0.2717391304347826,00000000000000000000000000000000000000000000000000000000000010111111111111111111111111000000,0.2,0000110100000000000000000000000000000000000000011111111,1.0,111,1,1,2,2,0.3094170403587444,1110000000000000000000000000000000000000000000000000000000000000000000000000000000000000000000000000000000000000000000000000000000000000000000000000000011100000111111111111111111111111111111111111111111111111111111111111111,0.0,00000000000000000000000000000000,0.1,0000100000,0.0,0000000000,0.18181818181818182,0100000000000010000000000000000000000000000000011111111
