TARGET_CLASS,configuration_id,criterion,ctg_min_time_per_job,ctg_schedule,search_budget,p_object_pool,ctg_time_per_class,Size,Length,Total_Time,Random_Seed,LineCoverage,LineCoverageBitString,BranchCoverage,BranchCoverageBitString,ExceptionCoverage,ExceptionCoverageBitString,Explicit_MethodExceptions,Explicit_TypeExceptions,Implicit_MethodExceptions,Implicit_TypeExceptions,WeakMutationScore,WeakMutationCoverageBitString,OutputCoverage,OutputCoverageBitString,MethodCoverage,MethodCoverageBitString,MethodNoExceptionCoverage,MethodNoExceptionCoverageBitString,CBranchCoverage,CBranchCoverageBitString
org.apache.spark.deploy.ApplicationDescription,default,LINE;BRANCH;EXCEPTION;WEAKMUTATION;OUTPUT;METHOD;METHODNOEXCEPTION;CBRANCH,1,BUDGET,231,0.3,2,71,151,298277,1650576876027,1.0,11111111111111111111111111111111111111111111111111111111111111111,0.5517241379310345,1110111011111111111111111111111111111111111111111111111111111111111111111111111011010000000000000000000000000000000000000000000000000000000000000,1.0,1,1,1,0,0,0.6134453781512605,11111111111111111111111111101100000000000000000000011000111111000111110001000111111000111111111000111110001000111111111,0.6239316239316239,010101010101110101010101011111101001000011111110111100011110111010111111101000110101101010111111101011100100101010111,1.0,11111111111111111111111111111111111111111111,1.0,11111111111111111111111111111111111111111111,0.46206896551724136,1111111110011010111111110101111101100111110111111010011000011001000000101000110000100001100101010000001011000000000100010010010001000100011010000
