TARGET_CLASS,configuration_id,criterion,ctg_min_time_per_job,ctg_schedule,search_budget,p_object_pool,ctg_time_per_class,Size,Length,Total_Time,Random_Seed,LineCoverage,LineCoverageBitString,BranchCoverage,BranchCoverageBitString,ExceptionCoverage,ExceptionCoverageBitString,Explicit_MethodExceptions,Explicit_TypeExceptions,Implicit_MethodExceptions,Implicit_TypeExceptions,WeakMutationScore,WeakMutationCoverageBitString,OutputCoverage,OutputCoverageBitString,MethodCoverage,MethodCoverageBitString,MethodNoExceptionCoverage,MethodNoExceptionCoverageBitString,CBranchCoverage,CBranchCoverageBitString
org.apache.tika.parser.digest.InputStreamDigester,default,LINE;BRANCH;EXCEPTION;WEAKMUTATION;OUTPUT;METHOD;METHODNOEXCEPTION;CBRANCH,1,BUDGET,80,0.3,2,6,14,98620,1650590650549,0.3258426966292135,11111111111100000011110000000000000000000100000000111101100001111011000000000000000000000,0.1346153846153846,0110011101100000000000000000000000000000000000000000,1.0,1111,3,1,1,1,0.13953488372093023,11111111111111000000000000111111111111000000000000000000000000000000000000000000010000000000000000000000000000000000000000000000000000000000000000000000000000000000000000000000000000000000000000000000000001110000000,0.1111111111111111,000000001,0.36363636363636365,11110000000,0.2727272727272727,11010000000,0.11538461538461539,0000111101000100000000000000000000000000000000000000
