TARGET_CLASS,configuration_id,criterion,ctg_min_time_per_job,ctg_schedule,search_budget,p_object_pool,ctg_time_per_class,Size,Length,Total_Time,Random_Seed,LineCoverage,LineCoverageBitString,BranchCoverage,BranchCoverageBitString,ExceptionCoverage,ExceptionCoverageBitString,Explicit_MethodExceptions,Explicit_TypeExceptions,Implicit_MethodExceptions,Implicit_TypeExceptions,WeakMutationScore,WeakMutationCoverageBitString,OutputCoverage,OutputCoverageBitString,MethodCoverage,MethodCoverageBitString,MethodNoExceptionCoverage,MethodNoExceptionCoverageBitString,CBranchCoverage,CBranchCoverageBitString
org.apache.spark.ui.scope.RDDOperationGraph,default,LINE;BRANCH;EXCEPTION;WEAKMUTATION;OUTPUT;METHOD;METHODNOEXCEPTION;CBRANCH,1,BUDGET,133,0.3,2,51,121,185436,1650578455006,0.5683453237410072,1111111111111111111111111111111111111111111111111100001111111111111111110000011111111011000000000000000000000000000000000000000010000000000,0.5051020408163265,0110011111111111111111111111111111111111111111110011111111111111100000001010001001000000111111111111111101100001100001100011111101111111000000000000000000000000000000000000000000000000000000000000,1.0,111,1,1,2,1,0.29878048780487804,1111111111111111111111111111101101101111111110000001000000111111111011111111111111111111111000000000000000000000000000000000000000000000000000000000000000000000000000000000000000000000000000000000000000000000000110000000000000000000000000000000000000000000000000000000000000000000000000000000000011111111111111111111000000000001,0.5,0101001001101010111100100011111101010100100001001001101011100101101010,1.0,111111111111111111111111111111111111111,0.9743589743589743,111111111111111111111111111110111111111,0.3520408163265306,1000011000100000101011110100010000010111001011101110011000000011001010101110100001100011111001100011011011101010011101101011101111111100000000000000000000000000000000000000000000000000000000000000
