TARGET_CLASS,configuration_id,criterion,ctg_min_time_per_job,ctg_schedule,search_budget,p_object_pool,ctg_time_per_class,Size,Length,Total_Time,Random_Seed,LineCoverage,LineCoverageBitString,BranchCoverage,BranchCoverageBitString,ExceptionCoverage,ExceptionCoverageBitString,Explicit_MethodExceptions,Explicit_TypeExceptions,Implicit_MethodExceptions,Implicit_TypeExceptions,WeakMutationScore,WeakMutationCoverageBitString,OutputCoverage,OutputCoverageBitString,MethodCoverage,MethodCoverageBitString,MethodNoExceptionCoverage,MethodNoExceptionCoverageBitString,CBranchCoverage,CBranchCoverageBitString
org.apache.tika.io.TikaInputStream,default,LINE;BRANCH;EXCEPTION;WEAKMUTATION;OUTPUT;METHOD;METHODNOEXCEPTION;CBRANCH,1,BUDGET,116,0.3,2,90,285,157115,1650590456922,0.9047619047619048,111111111111111101111111111111111111111111111111011111011111111101101101111111111111111111111111111111000000111111111111111111111111111111111111100,0.8888888888888888,111111111111111111110011111111110111101110111010101111111111111111111111,1.0,111111111111111111111111111111111111111111,2,1,21,3,0.9074889867841409,11111111111111111111111111111101011110111011111011111111111111111011111111111000111111111111111111111111111101111111111110111110011101111111111111111111111111100000111111101111111101111111111111111111111111111111111111111111111,0.42660550458715596,11111110110010101010001010101011111110100111111010001101001000000000000000000000000000000000101010100010101010001100101000110010100011001010001100101000100010001001001111010100010010010000000011111011111111101011011010,1.0,111111111111111111111111111111111,0.9090909090909091,111111110001111111111111111111111,0.8888888888888888,111011111110111111111111111111111011011110111001011111111111111111111111
